,winery,cities
0,Firestone,
1,Concannon,
2,Nottingham Cellars,
3,Rodney Strong,
4,Husch,
5,CaptÃ»re,
6,Albertina,
7,iNapa Wine,
8,Silverado,
9,Happy Camper,
10,Kenefick Ranch,
11,Kale,
12,Talisman,
13,Trinchero,
14,Beaver Creek,
15,Stephen Vincent,
16,Clos Pegase,
17,Intelligent Design,
18,Janzen,
19,Black Kite,
20,Rock Wall,
21,Peterson,
22,Sebastiani,
23,Di Arie,
24,Stag's Leap Wine Cellars,
25,Francis Coppola,
26,Kenwood,
27,Stemmler,
28,Cable Car,
29,David Arthur,
30,Ridge,
31,Justin,
32,Rockroom Winemaking Cooperative,
33,Barlow,
34,Koehler,
35,De Loach,
36,Bishop's Peak,
37,V. Sattui,
38,Sierra Starr,
39,Prime,
40,Stomping Girl,
41,Blair Fox,
42,Opaque,
43,Renaudin,
44,Plungerhead,
45,Cedar Mountain,
46,Lincourt,
47,Merryvale,
48,Bonterra,
49,John Anthony,
50,Roche,
51,Morgan,
52,Stolpman,
53,Muscardini,
54,Titus,
55,Bruliam,
56,Gnarly Head,
57,Ballentine,
58,Cuda Ridge Wines,
59,Lost Angel,
60,Suncé Vineyard & Winery,
61,Williams Selyem,
62,Newton,
63,Jason-Stephens,
64,Pine Ridge,
65,Bell,
66,Six Sigma Ranch,
67,Indulge,
68,Flying Horse,
69,Joseph Jewell,
70,Hovey,
71,Coquerel Family Wine Estates,
72,Au Sommet,
73,Elyse,
74,St. Supéry,
75,Calicaro,
76,Alpha Omega,
77,Boëté,
78,J. Davies,
79,St. Francis,
80,Jaxon Keys,
81,One Hope,
82,Lake Sonoma,
83,Mercy,
84,Donelan,
85,La Storia by Trentadue,
86,Wine Spots,
87,Frenchie Winery,
88,Buena Vista,
89,Bota Box,
90,Kutch,
91,Happy Canyon Vineyard,
92,Byron,
93,Riverbench,
94,Newsome-Harlow,
95,Balletto,
96,Sterling,
97,Bjorn,
98,Schramsberg,
99,Wattle Creek,
100,Korbel,
101,Chatom Vineyards,
102,Murphy-Goode,
103,Arista,
104,World's End,
105,Cline,
106,Miro,
107,Michael David,
108,Morse,
109,Midsummer Cellars,
110,Jean Edwards,
111,Au Bon Climat,
112,Krupp Brothers,
113,Fenestra,
114,J. Lohr,
115,Chase,
116,Fontanella,
117,LaZarre,
118,Patz & Hall,
119,Collier Falls,
120,Larry Hyde and Sons,
121,Presqu'ile,
122,Arrowood,
123,Orentano,
124,Castello di Amorosa,
125,Longoria,
126,Merus,
127,Bailiwick,
128,Terlato,
129,Verde Sole,
130,Girasole,
131,Viader,
132,Coghlan,
133,Toccata,
134,Lyeth,
135,Lost Canyon,
136,Gandona,
137,Cosentino,
138,Ancient Peaks,
139,Sheldon,
140,Croad,
141,San Simeon,
142,Courtney Benham,
143,Sensorium,
144,Fidelity,
145,Mutt Lynch,
146,Gary Farrell,
147,B&E;,
148,La FenÃªtre,
149,Fritz,
150,Easton,
151,Maldonado,
152,Schweiger,
153,Storm,
154,Renteria,
155,Krutz,
156,Conway,
157,Fontes & Phillips,
158,Lorenzi Estate,
159,Dashe Cellars,
160,MICA Cellars,
161,Putah Creek,
162,Jorian Hill,
163,Wellington,
164,Alysian,
165,Testarossa,
166,Three Saints,
167,Magness,
168,The Farm Winery,
169,Benessere,
170,Piña,
171,Montagna,
172,Joseph Cellars,
173,McManis,
174,Carte Blanche,
175,Rutherford Hill,
176,MacPhail,
177,Little Stone Vineyard,
178,Gracianna,
179,Ugly Duckling,
180,San Antonio,
181,Calera,
182,Chalk Hill,
183,Manifesto!,
184,Hook & Ladder,
185,Buehler,
186,Peju,
187,Hensteeth,
188,Adelaida,
189,Signaterra,
190,Baxter,
191,Clos de la Tech,
192,Merry Edwards,
193,Sonoma Hills,
194,Mauritson,
195,Maggy Hawk,
196,Longboard,
197,Banknote,
198,Oakville Ranch,
199,Aiken,
200,Trentadue,
201,Curtis,
202,Pali,
203,Tetra,
204,Decoy,
205,Aril,
206,Aje,
207,Frazier,
208,Millésimé,
209,On Point,
210,Peirano,
211,Proverbial,
212,Zaca Mesa,
213,Gravity Hills,
214,Stephen Ross,
215,Simi,
216,Work,
217,Center of Effort,
218,Y Rousseau,
219,Saxon Brown,
220,Fetzer,
221,Santa Barbara Winery,
222,Handley,
223,Crossbarn by Paul Hobbs,
224,Gloria Ferrer,
225,Fazeli Cellars,
226,Bonny Doon,
227,Clayhouse,
228,White Oak,
229,Tangent,
230,The Vineyard House,
231,B Side,
232,Robert Craig,
233,Von Strasser,
234,Ferrari-Carano,
235,Meyer Family Cellars,
236,Whitehall Lane,
237,Carmel Hills Winery,
238,Pedroncelli,
239,Gundlach Bundschu,
240,Samsara,
241,Martin Ranch,
242,Paraiso Vineyards,
243,Inception,
244,Martin Ray,
245,Thomas Fogarty,
246,Cameron Hughes,
247,Foxen,
248,Whitcraft,
249,Tobacco Road,
250,Cedarville Vineyard,
251,Geyser Peak,
252,Arcadian,
253,Healdsburg Ranches,
254,Lawer,
255,B.R. Cohn,
256,Robert Young,
257,Barrel Ranch,
258,Dane Cellars,
259,Flying Goat Cellars,
260,Valley Legend,
261,Hendry,
262,Armida,
263,Siduri,
264,Oak Grove,
265,Voss,
266,MacMurray Ranch,
267,Matanzas Creek,
268,HandCraft,
269,Eberle,
270,Malibu Rocky Oaks,
271,Francis Ford Coppola,
272,Hawkstone,
273,Carol Shelton,
274,Hensley,
275,Freeman,
276,Hawk and Horse Vineyards,
277,Terra Valentine,
278,Clos La Chance,
279,Monticello Vineyards,
280,Laurier,
281,The Crusher,
282,Ancient Oak Cellars,
283,Entropy Cellars,
284,Bella Victorian,
285,Babcock,
286,Parducci,
287,Laetitia,
288,Sanford,
289,Folkway,
290,Acorn,
291,Kunde,
292,Hidden Ridge,
293,Somerston,
294,Hobo,
295,Sobon Estate,
296,Mark West,
297,Rusack,
298,Sequoia Grove,
299,Cedar Creek,
300,Faust,
301,Flocchini,
302,Bianchi,
303,Gustafson Family,
304,Ehret,
305,Sera Fina,
306,Domaine Chandon,
307,Silver,
308,Reverie,
309,Ojai,
310,Ramsay,
311,Midnight,
312,Star Angel by Montes,
313,Blessing,
314,Jaffurs,
315,Dawn's Dream,
316,Jim Ball,
317,Pomar Junction,
318,Starmont,
319,Daviana,
320,Diamond Creek,
321,Talley,
322,Stonestreet,
323,Mario Bazán,
324,Hannah Nicole Vineyards,
325,Waterstone,
326,Clos du Val,
327,Chateau St. Jean,
328,Kendall-Jackson,
329,Cupcake,
330,Oakville East,
331,Demetria,
332,Valley of the Moon,
333,Bink,
334,Trenza,
335,Tanner DaFoe,
336,Roessler,
337,Ovid,
338,Frank Family,
339,Lucky Star,
340,Falcone,
341,Weinstock Cellars,
342,Seghesio,
343,Cenay,
344,Hewitt,
345,Sodaro,
346,Shannon Ridge,
347,Estancia,
348,Joseph Swan Vineyards,
349,Wild Hog,
350,Chateau Margene,
351,Tuck Beckstoffer,
352,Larner,
353,Pride Mountain,
354,Markham,
355,Twisted Oak,
356,Trione,
357,CULT,
358,Dunning Vineyards,
359,J Ludlow,
360,Tyler,
361,Bjornstad,
362,Yorkville Cellars,
363,Freemark Abbey,
364,Coup de Foudre,
365,La Crema,
366,Pfendler,
367,Jekel,
368,Mt. Konocti Winery,
369,J Vineyards & Winery,
370,Stickybeak,
371,Amador Foothill Winery,
372,Mayacamas,
373,Pezzi King,
374,Dutton Estate,
375,Worthy,
376,Keller,
377,TR Elliott,
378,La Rochelle,
379,Due Cani,
380,Davis Family,
381,Carmel Road,
382,a-non-ah-mus,
383,Terra Bella,
384,Pont de Chevalier,
385,Kynsi,
386,Ledson,
387,Andretti,
388,Wrath,
389,Claiborne & Churchill,
390,Lava Cap,
391,Château Potelle,
392,Lynmar,
393,Chimney Rock,
394,Saint Gregory,
395,Wilson,
396,En Garde,
397,Novy,
398,Foyt Family,
399,J. Rickards,
400,Navarro,
401,David Family,
402,Greenwood Ridge,
403,Pessagno,
404,Coquelicot,
405,Picket Fence,
406,Brander,
407,Butterfield Station,
408,Joullian,
409,Cuvaison,
410,Tyler Florence,
411,Dutton-Goldfield,
412,Townley,
413,Robert Mondavi,
414,Rock Hollow,
415,Castoro Cellars,
416,Azur,
417,Boekenoogen,
418,Yao Ming,
419,Kokomo,
420,Roth,
421,Duckhorn,
422,Horse & Plow,
423,Summers,
424,Villa San Juliette,
425,Soulmate,
426,Tercero,
427,Swanson,
428,Juslyn Vineyards,
429,Darcie Kent Vineyards,
430,Villa del Monte,
431,Fog Crest,
432,Beaulieu Vineyard,
433,Little Black Dress,
434,Hahn,
435,Pat Paulsen Vineyards,
436,Rancho Sisquoc,
437,James Family Cellars,
438,Schug,
439,Sharabella Wines,
440,Two Sisters,
441,Signorello,
442,Matchbook,
443,Hearst Ranch,
444,White Cottage Ranch,
445,Iron Horse,
446,TV Celadon,
447,Keller Estate,
448,Evolve,
449,Cielo,
450,Holman Ranch,
451,Keating,
452,Eleanor,
453,Ca' Momi,
454,Ruby Hill Winery,
455,Cinnabar,
456,Super Sonoman,
457,Tractor Shed Red,
458,Rutz,
459,Liberty School,
460,VC Cellars,
461,Beltane Ranch,
462,Grgich Hills,
463,Indigené,
464,Lafond,
465,Nickel & Nickel,
466,Drew,
467,Hey Mambo,
468,Cooper-Garrod,
469,Maddalena,
470,Alexander Valley Vineyards,
471,Girard,
472,Rochioli,
473,Uphill Vineyards,
474,HammerSky,
475,Phantom Rivers,
476,Grayson,
477,Maroon,
478,Sciandri Family,
479,Forchini,
480,Stags' Leap Winery,
481,Trinitas,
482,Charles Krug,
483,Turnbull,
484,Alta Colina,
485,Montoliva,
486,Black Stallion,
487,Harlow Ridge,
488,Round Hill,
489,Roar,
490,Four Vines,
491,Jenica Peak,
492,Barbieri,
493,Padis,
494,Jack Nicklaus Wines,
495,Kenneth Volk,
496,Leese-Fitch,
497,Rocca,
498,Alma Sol,
499,Sorelle Winery,
500,Black Box,
501,Sojourn,
502,Publix,
503,VinRoc,
504,Sanguis,
505,Blue Rock,
506,Occasio,
507,Jellybean Wines,
508,Insomnia,
509,Truchard,
510,Urban Legend,
511,VJB,
512,Wild Horse,
513,Terre Rouge,
514,Tiedemann,
515,Greystone,
516,Angeline,
517,Hunt Cellars,
518,Smith & Hook,
519,Michael Pozzan,
520,Ravenswood,
521,Greyscale,
522,Graziano,
523,Pietra Santa,
524,Wood Family Vineyards,
525,Castle Rock,
526,Truett Hurst,
527,Heibel Ranch,
528,Lander-Jenkins,
529,Sarah's Vineyard,
530,Donati,
531,Crushed,
532,Vina Robles,
533,August Ridge,
534,Buttonwood Farm,
535,Broken Earth,
536,Trefethen,
537,Snapping Turtle,
538,Blanchard Family,
539,Jarvis,
540,Hunnicutt,
541,Cerro Prieto,
542,Calcareous,
543,El Roy,
544,Clos Solène,
545,Guglielmo,
546,Woodbridge by Robert Mondavi,
547,Bello Family Vineyards,
548,Hess Select,
549,Venteux,
550,Sea Smoke,
551,Bravium,
552,Lobo,
553,Sutcliffe,
554,Imagery,
555,David Girard,
556,Treana,
557,Montoya,
558,Falcor,
559,Luke Donald,
560,Venge,
561,Biltmore Estate,
562,La Merika,
563,Steven Kent,
564,Icaria,
565,Zina Hyde Cunningham,
566,Dragonette,
567,Uptick Vineyards,
568,Twin Arches,
569,Delicato,
570,Delectus,
571,Napa Family Vineyards,
572,Marshall Family Wines,
573,Kuleto Estate,
574,Brutocao,
575,Record Family Wines,
576,S&G; Estate,
577,B Cellars,
578,Bray,
579,Minassian-Young,
580,Carpe Diem,
581,Epiphany,
582,Purple Cowboy,
583,Casey Flat Ranch,
584,Rutherford Ranch,
585,Derby,
586,Asuncion Ridge,
587,Serena's Vineyard,
588,Sean Thackrey,
589,Flowers,
590,Coastal Ridge,
591,Turley,
592,Big House,
593,Sbragia,
594,Windstream,
595,Artesa,
596,Raymond,
597,Jeriko,
598,Barton,
599,Hoyt Family Vineyards,
600,Bargetto,
601,Malk,
602,The White Knight,
603,Enoteca Five,
604,Peter Cellars,
605,Hagafen,
606,Saintsbury,
607,Reynoso,
608,Solomon Hills,
609,Hop Kiln,
610,Paul Dolan,
611,Galante,
612,CK Mondavi,
613,Proulx,
614,Newman's Own,
615,Beauregard,
616,Black Ridge,
617,Pence Ranch,
618,Clif Family,
619,Fleur de Lyeth,
620,Daniel Gehrs,
621,David Fulton,
622,Fiddletown Cellars,
623,Bouchaine,
624,Lockwood,
625,Chessman,
626,Baileyana,
627,Red Car,
628,Bonneau,
629,Vinum,
630,Tolosa,
631,Knights Bridge,
632,Dierberg,
633,Deep Sea,
634,Prager,
635,Soquel Vineyards,
636,Altvs,
637,Pace,
638,Bridlewood,
639,Wine Guerrilla,
640,W.H. Smith,
641,Sandhi,
642,Fiddlehead,
643,Magistrate,
644,Borjón,
645,Migration,
646,Kidder Family Wines,
647,Sobriquet Winery,
648,Kori,
649,Sextant,
650,Lone Madrone,
651,Clarksburg Wine Company,
652,Metaphora,
653,Brochelle Vineyards,
654,McFadden,
655,Joseph Filippi,
656,Dante,
657,Vigilance,
658,Stomping Ground,
659,Bonaccorsi,
660,Grandmaster,
661,Armanino Family Cellars,
662,Ideology Cellars,
663,Bernardus,
664,Ascension Cellars,
665,Sea Shell Cellars,
666,Cottonwood Creek,
667,Domaine Eden,
668,Anglim,
669,Black Coyote,
670,Shiloh Road,
671,ForestVille,
672,Longwood,
673,Andis,
674,Bella,
675,Porter Family Vineyards,
676,Tondré,
677,Claudia Springs,
678,Cambridge & Sunset,
679,Gibbs,
680,Rosenblum,
681,Ram's Gate,
682,Stephen & Walker,
683,Enotria,
684,Marilyn,
685,Pech Merle,
686,Three Fat Guys,
687,Tin Barn,
688,Hanzell,
689,Stryker Sonoma,
690,Reaper,
691,Chiarello Family Vineyards,
692,Prim Family,
693,Bluenose,
694,Black Sheep,
695,Westerly,
696,Laurel Glen,
697,Cryptic,
698,Jeff Gordon,
699,Toboni,
700,Donum,
701,Vie Winery,
702,Cornerstone,
703,Kings Mountain,
704,Corley Reserve,
705,Kumbaya,
706,Blue Oak,
707,Guarachi Family,
708,Scott Family,
709,Hacienda,
710,Twomey,
711,Volker Eisele Family Estate,
712,Jacuzzi,
713,Quintessa,
714,Peters Family,
715,Marimar Estate,
716,Sanglier Cellars,
717,Crosby Roamann,
718,Artezin,
719,Hug,
720,Kendric,
721,Austin Hope,
722,Fields Family,
723,Transcendence,
724,Melville,
725,Mahoney,
726,Ten Acre,
727,Bogle,
728,Rued,
729,Rahn,
730,Aver Family Vineyards,
731,Mira,
732,Hangtime,
733,Philo Ridge,
734,Hestan,
735,Twisted Sisters,
736,On Q,
737,Mirassou,
738,Q,
739,Holly's Hill,
740,Furthermore,
741,Dominus,
742,Treasure,
743,Peachy Canyon,
744,Benziger,
745,Tablas Creek,
746,JCB,
747,Walt,
748,Occidental Road Cellars,
749,Sculpterra,
750,The Calling,
751,Ampelos,
752,Paul Hobbs,
753,Twenty Bench,
754,Ken Brown,
755,McIntyre Vineyards,
756,Woodenhead,
757,Olabisi,
758,Mumm Napa,
759,Franciscan,
760,Vogelzang,
761,Standish,
762,Butterfly Kiss,
763,Barra of Mendocino,
764,Casa Tiene Vista,
765,Frei Brothers,
766,Deaver,
767,Cartograph,
768,Hall,
769,LXV,
770,Pure Cru,
771,ONX,
772,Lucie,
773,Purlieu,
774,Lucia,
775,Andrew Murray,
776,Couloir,
777,Domaine Carneros,
778,Jada Vineyard & Winery,
779,Cookies & Cream,
780,Chime,
781,Waits-Mast,
782,Kessler-Haak,
783,Troll Bridge,
784,La Follette,
785,Bennett Valley Cellars,
786,Fiddlehead Cellars,
787,Ironstone,
788,Glen Ellen,
789,Sequana,
790,James Mitchell,
791,Joseph Phelps,
792,Belle Glos,
793,Bien Nacido,
794,Howell Mountain Vineyards,
795,Discoveries,
796,Écluse,
797,Materra Cunat Family Vineyards,
798,Londer,
799,Quivira,
800,Mount Veeder,
801,Chalone Vineyard,
802,Vine Hill,
803,Burrell School Vineyards,
804,Frog's Leap,
805,Fleur,
806,Kasuari,
807,Loredona,
808,Dogwood,
809,Damas,
810,Metate Hill Vineyards,
811,Harrison Clarke,
812,Sierra Madre,
813,Heron,
814,Fleuron,
815,Callaway,
816,River Rock,
817,Cent'Anni,
818,Failla,
819,Ensemble,
820,Scarlett,
821,SeaGlass,
822,Round Pond,
823,Heavyweight,
824,Mounts,
825,Mount Eden Vineyards,
826,Meadowcroft,
827,Bowtie,
828,Witching Stick,
829,Chateau Lettau,
830,Dreaming Tree,
831,St. Amant,
832,Storyteller,
833,Brazin,
834,Shed Horn Cellars,
835,Ousterhout,
836,Ranchero Cellars,
837,Fess Parker,
838,Lusso Della Terra,
839,Ramspeck,
840,Alouette,
841,Educated Guess,
842,Dillon,
843,Wargin Wines,
844,Fat Cat,
845,Coup de Grace,
846,MacLaren,
847,Avelina,
848,Standing Sun,
849,Eponymous,
850,McCay Cellars,
851,Vellum,
852,Galatea Effect,
853,Cedar View Winery,
854,J. Rochioli,
855,Chacewater,
856,Spin the Bottle,
857,Amapola Creek,
858,Fogline Vineyards,
859,Kirkland Signature,
860,Communication Block,
861,Le Vigne,
862,Hartford Court,
863,Rosa d'Oro,
864,Five Rows,
865,Vinemark,
866,Bacio Divino,
867,Highland Hills Winery,
868,Wallis Family Estate,
869,Burt Street Cellars,
870,Saini,
871,Harmony Cellars,
872,F.J. Serra,
873,The Full,
874,Cimarone,
875,Sonoma Coast Vineyards,
876,Donovan-Parke,
877,Immersion,
878,Fog Head,
879,Breggo,
880,August West,
881,Main & Geary,
882,Roadhouse Winery,
883,Dolina,
884,McGrail,
885,Patel,
886,Zynthesis,
887,Chamisal Vineyards,
888,Seven Deadly Zins,
889,Saracina,
890,La Montagne,
891,La Clarine Farm,
892,Noceto,
893,Palmina,
894,Patland,
895,Twisted Twig,
896,Lutum,
897,Herzog,
898,Aleksander,
899,Turiya,
900,Robert Renzoni,
901,Benovia,
902,Katherine Goldschmidt,
903,Domenico,
904,Darms Lane,
905,Evening Land,
906,Vino Vargas,
907,Wente,
908,LangeTwins,
909,Oso Libre,
910,Montemaggiore,
911,HKG,
912,Stark,
913,Jamieson Ranch,
914,Summerwood,
915,Morovino,
916,Parkers Estate,
917,L de Lyeth,
918,Smith-Madrone,
919,Beaucanon,
920,Piocho,
921,Edmeades,
922,Clendenen,
923,Passaggio,
924,Fort Ross,
925,Judson Hale Winery,
926,Portalupi,
927,High Valley Vineyard,
928,Ripken,
929,Dry Creek Vineyard,
930,State of Art,
931,Longevity,
932,Haywood,
933,Stone The Crows,
934,Robert Hall,
935,Orfila,
936,Silver Horse,
937,Covenant,
938,Via Giusti,
939,Hawk Watch Winery,
940,Rock Lobster,
941,Uvaggio,
942,Mazzocco,
943,The Gardener,
944,Bump,
945,Lucas & Lewellen,
946,Beringer,
947,Beckmen,
948,Davies,
949,St. Rose,
950,Von Holt,
951,Long Meadow Ranch,
952,Dancing Bull,
953,Macchia,
954,Rose 'N' Blum,
955,Rossi Wallace,
956,Baron Herzog,
957,Mad Duck,
958,VML,
959,Daou,
960,Girl Go Lightly,
961,Straight Line,
962,Cairdean Estate,
963,Epoch Estate Wines,
964,Pennywise,
965,Eagle Ridge,
966,Ventana,
967,Star Lane Vineyard,
968,Sinor-LaVallee,
969,Naggiar,
970,La Grande Côte,
971,Wedell Cellars,
972,IL Gioiello,
973,Saddleback,
974,Peloton,
975,Fausta,
976,Josh Cellars,
977,Niner,
978,Tortoise Creek,
979,X,
980,River Road,
981,MacRostie,
982,Emblem,
983,Hirsch,
984,Nice Pairing,
985,Anaba,
986,Green Truck,
987,Ackerman,
988,Reata,
989,Avalon,
990,Oak Mountain,
991,Boyle MacDonald,
992,Chateau Molyneaux,
993,Three Sticks,
994,Vinum Cellars,
995,Envolve,
996,Draxton,
997,Cebada,
998,Arrow Creek,
999,Stein Family,
1000,Gallegos,
1001,Joseph Carr,
1002,Del Dotto,
1003,Landmark,
1004,Deep Purple,
1005,Evoke,
1006,Tin Roof,
1007,Conspire,
1008,II Moons,
1009,Scott Harvey,
1010,SIP,
1011,Zenaida Cellars,
1012,Jeunesse,
1013,Oakville Winery,
1014,Falkner,
1015,Glenwood Cellars,
1016,Aura,
1017,Clos du Lac,
1018,Margerum,
1019,Tantara,
1020,Monte Volpe,
1021,Terra d'Oro,
1022,Gauthier,
1023,Davis Bynum,
1024,Russian Ridge,
1025,War Horse,
1026,Fulcrum,
1027,Chappellet,
1028,Alias,
1029,Wild Hogge,
1030,Solis,
1031,Brooklyn West,
1032,Houdini,
1033,There Wines,
1034,Steelhead Vineyards,
1035,Villa Toscano,
1036,Ruby Red,
1037,Atrea,
1038,Spann Vineyards,
1039,Romililly,
1040,Dante Robere,
1041,Del Carlo Winery,
1042,Thomas George,
1043,Foundry,
1044,Lombardi,
1045,Buffalo Grove,
1046,Spring Mountain Vineyard,
1047,Donkey & Goat,
1048,Amici,
1049,La Folia Winery,
1050,Naughty Boy,
1051,Winery by the Creek,
1052,Wild Ridge,
1053,Guyomar,
1054,Dolin,
1055,Zepaltas,
1056,Mulvane Wine Co.,
1057,Bennett Lane,
1058,Foley Johnson,
1059,Blackburn Wine Company,
1060,Zagan's Fire,
1061,Virage,
1062,WillowBrook Cellars,
1063,Big Basin,
1064,Seven Angels,
1065,Davis Estates,
1066,Keenan,
1067,Baron Cooper,
1068,Mossback,
1069,Archium,
1070,Wild Coyote,
1071,Cholame,
1072,Zinsane,
1073,Acacia,
1074,Entwine,
1075,Charles B. Mitchell,
1076,West of Temperance,
1077,Consilience,
1078,Kelly Fleming,
1079,Pear Valley,
1080,Layer Cake,
1081,Moscato Bella,
1082,Campus Oaks,
1083,Korbin Kameron,
1084,Magnolia Court,
1085,Frisson Wines,
1086,Peter Franus,
1087,Three Knights,
1088,Loring Wine Company,
1089,Las Positas,
1090,Madrigal,
1091,Joyce,
1092,Robinson Family Vineyards,
1093,Renwood,
1094,Koz,
1095,Galerie,
1096,Blackbird Vineyards,
1097,Ramey,
1098,Hartwell,
1099,Reign,
1100,Paraduxx,
1101,Camp,
1102,Carhartt Vineyard,
1103,Campovida,
1104,Wayfarer,
1105,Lampyridae,
1106,Baker Lane,
1107,Bread & Butter,
1108,Folie à Deux,
1109,Page Mill Winery,
1110,Nagy,
1111,Baker & Brain,
1112,Nicholson Ranch,
1113,Left Bend,
1114,Rendarrio Vineyards,
1115,Sol Rouge,
1116,Nico,
1117,Flora Springs,
1118,Genius Wines,
1119,Pope Valley Winery,
1120,Peter Paul Wines,
1121,Merriam,
1122,ZD,
1123,The Loyal Companion,
1124,Prime Solum,
1125,Salvestrin,
1126,Foppiano,
1127,Atalon,
1128,Sequum,
1129,Provenance Vineyards,
1130,Aquinas,
1131,Chardenet,
1132,Brown Estate,
1133,Nadia,
1134,Danza del Sol,
1135,Clavo Cellars,
1136,Qupé,
1137,Clos LaChance,
1138,Lucienne,
1139,AuburnJames,
1140,The Bridge,
1141,Inman Family,
1142,Refugio Ranch,
1143,Site,
1144,Edna Valley Vineyard,
1145,Miraflores,
1146,Papapietro Perry,
1147,Noble Vines,
1148,Napa Cellars,
1149,Alma Rosa,
1150,Pianetta,
1151,Steiner Family Vineyards,
1152,Stolo,
1153,Acronym,
1154,One Iron,
1155,Caricature,
1156,Comartin,
1157,Jamie Slone Wines,
1158,Mattina Fiore,
1159,Oak Ridge,
1160,Foretell,
1161,One Leaf,
1162,Hess Collection,
1163,Ghost Pines,
1164,Blue Plate,
1165,Lynch Wines,
1166,Outlier,
1167,Manzoni,
1168,Coruce,
1169,Hoopes,
1170,Concrete,
1171,Cosa Obra,
1172,De Tierra,
1173,Hartley-Ostini,
1174,Burbank Ranch,
1175,Killian,
1176,dîner,
1177,Dalliance,
1178,Picayune,
1179,Spicy Vines,
1180,Nine North Wine Company,
1181,De Coelo,
1182,Jacob Franklin,
1183,Parrish Family,
1184,Les Voleurs,
1185,Overland,
1186,Crespi Ranch,
1187,Twisted Cedar,
1188,Mansfield-Dunne,
1189,The Archivist,
1190,Buttonwood,
1191,PreVail,
1192,Windsor Oaks,
1193,Laura Michael,
1194,Forward Kidd,
1195,Svago Buono,
1196,Banshee Wines,
1197,Jack,
1198,Viluko,
1199,Perry Creek,
1200,Bougetz,
1201,Eleven Eleven,
1202,Mooney Family,
1203,Wolfgang Puck,
1204,Shane Wines,
1205,Van Ruiten,
1206,Goyette,
1207,Brave & Maiden,
1208,Conn Creek,
1209,Sonoma-Cutrer,
1210,Chocolate Box,
1211,Viszlay Vineyards,
1212,Onesta,
1213,Elkhorn Peak,
1214,Summerland,
1215,Eye Candy,
1216,Hourglass,
1217,Brewer-Clifton,
1218,Skinner,
1219,Albatross Ridge,
1220,Madonna Estate,
1221,Dead On,
1222,Levo,
1223,FiveWise,
1224,Still Waters,
1225,Smashberry,
1226,Cambridge California,
1227,Quadrant,
1228,Louis M. Martini,
1229,Cirque du Vin,
1230,Domino,
1231,Rubino Estates Winery,
1232,Boatique,
1233,South Coast,
1234,Sutro,
1235,La Sirena,
1236,Spottswoode,
1237,Casa Nuestra,
1238,Backhouse,
1239,Panthea,
1240,Two Moons,
1241,Force of Nature,
1242,Spell,
1243,Quady,
1244,Bucher,
1245,Save Me San Francisco,
1246,Ulises Valdez,
1247,Balverne,
1248,Ministry of the Vinterior,
1249,Foley,
1250,Séamus Wines,
1251,Balderdash,
1252,Robert Biale,
1253,Hyde de Villaine,
1254,Rideau,
1255,Martin & Weyrich,
1256,Inkling,
1257,Bootleg,
1258,Carter Estate,
1259,Dichotomy,
1260,Brassfield,
1261,Meeker,
1262,Lake and Vine Cellars,
1263,Paris Valley Road Cellars,
1264,Grey Stack,
1265,Caliza,
1266,Heritance,
1267,Matrix,
1268,Mollie,
1269,EOS,
1270,Circadia,
1271,Domaine de la Cote,
1272,Gainey,
1273,Three Pines,
1274,Borra,
1275,Pegasus Estate,
1276,Oak and Vine,
1277,Etude,
1278,Rancho Maria,
1279,Hanna,
1280,Pinot d'Oro,
1281,Dealy Lane,
1282,Yorba,
1283,Valdez,
1284,Skyhawk Lane,
1285,Judge Palmer,
1286,Brooklyn Winery,
1287,Phillips Hill,
1288,Coyote Creek,
1289,Windy Oaks,
1290,Chef's Coat,
1291,WesMar,
1292,Stuhlmuller Vineyards,
1293,Goldeneye,
1294,Hawley,
1295,Forest Glen,
1296,Mill Creek,
1297,Canihan,
1298,Myka,
1299,Baehner Fournier,
1300,Cru,
1301,People's Wine Revolution,
1302,The Federalist,
1303,Law,
1304,Carmenet,
1305,Peace Water,
1306,Taken Wine Co.,
1307,Cobblestone,
1308,Waxwing,
1309,Isabel Mondavi,
1310,Topanga,
1311,Dado,
1312,Graton Ridge,
1313,Shippey,
1314,Julietta,
1315,Belle Ambiance,
1316,Spellbound,
1317,Mandolin,
1318,Carica,
1319,Sunstone,
1320,Sanctuary,
1321,Cannonball,
1322,Leoness,
1323,August Briggs,
1324,Langtry,
1325,Oberon,
1326,Vindemia,
1327,Cobb,
1328,Muirwood,
1329,Michael Mondavi Family Estate,
1330,Legendre,
1331,Estate Crush,
1332,The Girls in the Vineyard,
1333,Sonkin Cellars,
1334,Alder Springs,
1335,Heringer,
1336,Sparrow Hawk,
1337,Alta Maria,
1338,Billhook,
1339,Solminer,
1340,Trombetta,
1341,Emeritus,
1342,Masút,
1343,Meiomi,
1344,Barnett,
1345,Castrucci,
1346,Goat Bubbles,
1347,Foursight,
1348,The Prisoner,
1349,Three,
1350,Roblar,
1351,Montevina,
1352,Kivelstadt Cellars,
1353,Dark Horse,
1354,Baiocchi Wines,
1355,Culton,
1356,Graveyard,
1357,Gros Ventre,
1358,Peltier,
1359,Tessier Winery,
1360,Criss Cross,
1361,Chateau Montelena,
1362,Klinker Brick,
1363,Bella Luna,
1364,Sante Arcangeli,
1365,Helwig,
1366,El Pistolero,
1367,Sedition,
1368,J. Wilkes,
1369,Lexington,
1370,Envy,
1371,Cakebread,
1372,Frey,
1373,Chronic Cellars,
1374,Barrack,
1375,Director's Cut,
1376,William Knuttel,
1377,Broadway Vineyards,
1378,Sottomarino,
1379,Hertelendy,
1380,Au Contraire,
1381,Pine & Brown,
1382,Storrs,
1383,Portola Vineyards,
1384,Mark David,
1385,Chesebro,
1386,Herencia,
1387,Puccioni,
1388,J Wilkes,
1389,Mirror,
1390,Alta,
1391,Stargazer Barn,
1392,Row Eleven,
1393,Darioush,
1394,Wait Cellars,
1395,Palumbo Family Vineyards,
1396,Calavera Wines,
1397,Kobler,
1398,Herman Story,
1399,Limited by Cambridge Cellars,
1400,Jackhammer,
1401,Barber,
1402,Kaleidos,
1403,Gauguine,
1404,Eagle Canyon,
1405,Sostener,
1406,Jax,
1407,Tres Sabores,
1408,Blue Farm,
1409,Chanin,
1410,Austerity,
1411,Macauley,
1412,TH,
1413,Vermeil,
1414,Brian Benson,
1415,Boeschen Vineyards,
1416,Eric Kent,
1417,Ryan Cochrane,
1418,Sketchbook,
1419,Wild Oats,
1420,LVE,
1421,The Winery SF,
1422,My Essential,
1423,WCP,
1424,Red Stich,
1425,Whiplash,
1426,Jordan,
1427,Twisted,
1428,Balo,
1429,August Truth,
1430,Leto,
1431,Custard,
1432,Trig Point,
1433,Wrights Station,
1434,Floodgate,
1435,Textbook,
1436,Cuttings,
1437,Boheme,
1438,Montemar Wines,
1439,Saint K,
1440,Michel-Schlumberger,
1441,Cartlidge & Browne,
1442,Slingshot,
1443,Ernest & Julio Gallo,
1444,Four Sisters Ranch,
1445,Cass,
1446,Challen,
1447,Silver Mountain,
1448,Gehricke,
1449,Ty Caton,
1450,Hanaiali'i,
1451,Obsidian Ridge,
1452,Tines,
1453,The Withers Winery,
1454,FEL,
1455,Holus Bolus,
1456,Barrel Racer,
1457,Sea Monster,
1458,Scratchpad,
1459,Brecon Estate,
1460,Medlock Ames,
1461,Paix Sur Terre,
1462,Frostwatch,
1463,Angels & Cowboys,
1464,Silverpoint Cellars,
1465,Pellet Estate,
1466,Cocobon,
1467,Young Inglewood,
1468,CUTT,
1469,Grassini,
1470,Victor Vineyards,
1471,Bright Angel WInes,
1472,Old Soul,
1473,Kitá,
1474,Sevtap,
1475,Ilaria,
1476,Gamba,
1477,Michael-Scott,
1478,Vine Cliff,
1479,MacMurray Estate Vineyards,
1480,Lula,
1481,Liquid Farm,
1482,Domaine Anderson,
1483,Small Vines,
1484,Charles Heintz,
1485,Windemere,
1486,Pulchella,
1487,William Hill Estate,
1488,Aequorea,
1489,Dracaena,
1490,Carneros Ranch,
1491,Roku,
1492,Vasco Urbano,
1493,kukkula,
1494,Sivas-Sonoma,
1495,Pagter Brothers,
1496,Byington,
1497,Lamborn Family Vineyards,
1498,Heintz,
1499,Calstar Cellars,
1500,Jackson Estate,
1501,Michaud,
1502,Whistler,
1503,Broadside,
1504,ZinPhomaniac,
1505,Angel's Cup,
1506,Judd's Hill,
1507,Seven Oxen,
1508,Chelsea Goldschmidt,
1509,Cold Water Creek,
1510,Paratus,
1511,Flywheel,
1512,Benaddiction,
1513,Haraszthy,
1514,Trailhead,
1515,Red Rock,
1516,Mi Sueño,
1517,Antica,
1518,Rexford,
1519,Loft,
1520,JAQK Cellars,
1521,Della,
1522,Carlisle,
1523,Enos Vineyard,
1524,Siot,
1525,Senses,
1526,Wise Villa,
1527,Mesa Del Sol,
1528,Okapi,
1529,Garnet,
1530,Jack Creek,
1531,Zotovich Cellars,
1532,Les Belles Collines,
1533,Coniglio,
1534,Golden Triangle,
1535,Lichen Estate,
1536,Mathew Bruno,
1537,Mithra,
1538,Bella Grace,
1539,Argot,
1540,Cedarville,
1541,Three Thieves,
1542,MCV,
1543,Orpheus,
1544,T.W. Fermentation,
1545,La Pitchoune,
1546,Moniker,
1547,Grey Wolf Cellars,
1548,Central Coast Group Project,
1549,Cutruzzola,
1550,Pugilist,
1551,Crux,
1552,Groth,
1553,Feliz Noche,
1554,Lion Ranch,
1555,Oak Farm,
1556,Snowden,
1557,Piccolo,
1558,Hindsight,
1559,Brick & Mortar,
1560,Windrun,
1561,Liberated,
1562,Coastline,
1563,Dehlinger,
1564,Lucky Rock Wine Co.,
1565,Ottimino Vineyards,
1566,Housley's Century Oak,
1567,Mike and Molly Hendry,
1568,Opolo,
1569,Fortress,
1570,Devil Proof,
1571,Carucci,
1572,Beran,
1573,Cloak & Dagger,
1574,Mt. Brave,
1575,Acumen,
1576,Ninety+,
1577,LJ Crafted Wines,
1578,Dubost,
1579,Levendi,
1580,Conarium,
1581,Fog Theory,
1582,Rivino,
1583,Blair,
1584,Scar of the Sea,
1585,Ehlers Estate,
1586,Belden Barns,
1587,Aperture,
1588,Halter Ranch,
1589,TAO,
1590,Chalone,
1591,Irwin Family Vineyards,
1592,Amador Cellars,
1593,Casa Dumetz,
1594,Fatty Pope,
1595,La Marea,
1596,Reinert Project,
1597,Tooth and Nail,
1598,Hooker,
1599,Burnside Road,
1600,Grevino,
1601,Ektimo Vineyards,
1602,Black's Station,
1603,Grow Wines,
1604,The Decision,
1605,Silver Trident,
1606,Talbott,
1607,Sofia,
1608,Halcon,
1609,Ammunition,
1610,Hibou,
1611,Municipal Winemakers,
1612,Hayes Valley,
1613,Wolff,
1614,Bright Angel Wines,
1615,Cherry Tart,
1616,Cherry Pie,
1617,True Myth,
1618,MaidenStoen,
1619,Rabble,
1620,Lancaster,
1621,Drytown,
1622,Archgate Cellars,
1623,Maxville,
1624,Monte Smith,
1625,Garnet Vineyards,
1626,Ron Rubin,
1627,Ponte,
1628,MooBuzz,
1629,City Winery Chicago,
1630,Sand Point,
1631,C R Graybehl,
1632,Jim Palmer,
1633,Tom Gore,
1634,Lumen,
1635,Sequin,
1636,Ernest,
1637,Pellegrini,
1638,Volatus,
1639,Eaglewood,
1640,Marietta Cellars,
1641,Apothic,
1642,Noble Tree,
1643,Freakshow,
1644,Bodkin,
1645,McKahn,
1646,K Squared Cellars,
1647,Cambiata,
1648,Miner,
1649,Bella Union,
1650,Grimm's Bluff,
1651,Gregory Graham,
1652,Apriori,
1653,Point & Line,
1654,Reuling Vineyard,
1655,Sill Family,
1656,Poseidon,
1657,Hungry Blonde,
1658,Fossil Point,
1659,Eco Terreno,
1660,Brophy Clark,
1661,Ca' Del Grevino,
1662,Irony,
1663,Dunstan,
1664,Head High,
1665,Boete,
1666,Chasseur,
1667,Toad Hollow,
1668,Stewart,
1669,Silver Stag,
1670,Parmeson,
1671,Luna,
1672,Blue Oasis,
1673,Shannon,
1674,Iron Hub,
1675,Sibling Bubblery,
1676,McKinney,
1677,Calla Lily,
1678,Workman Ayer,
1679,Leaping Horse,
1680,Guenoc,
1681,Redwood Empire,
1682,Nicora,
1683,Casto Oaks,
1684,Puma Road,
1685,Red Thread Wines,
1686,Stolen Identity,
1687,Purple Heart Wines,
1688,Santa Cruz Mountain Vineyard,
1689,Giornata,
1690,Flanagan,
1691,Twisted Paso,
1692,Hudson Vineyards,
1693,WindRacer,
1694,Square Peg,
1695,Lang & Reed,
1696,Château Souverain,
1697,Sandler,
1698,Rombauer,
1699,Parker,
1700,Vinoce,
1701,Roark Wine Co.,
1702,Alma Fria,
1703,Now Presenting...,
1704,The Forager,
1705,Le Casque,
1706,Ila,
1707,Landsman,
1708,Ryzin,
1709,Lasseter,
1710,Inglenook,
1711,Zeitgeist,
1712,Caymus,
1713,S.R. Tonella,
1714,Solitary Cellars,
1715,Virginia Dare,
1716,Succulent Vineyards,
1717,Smoke Tree,
1718,Secret Cellars,
1719,Zoetic Wines,
1720,Magna Mater,
1721,La Voix,
1722,Screen Door Cellars,
1723,Grand Napa,
1724,Four Lanterns,
1725,Prodigal,
1726,Hard Six Cellars,
1727,Hersly,
1728,Chloe,
1729,Earth's Harvest,
1730,Tanner,
1731,Lazy Creek,
1732,Daniel,
1733,Wilderotter,
1734,The Divining Rod,
1735,D.R. Stephens,
1736,Michael Sullberg,
1737,Borrellie,
1738,Z. Alexander Brown,
1739,Auspicion,
1740,G & L Lurton,
1741,Manross,
1742,VGS Chateau Potelle,
1743,Samuel Louis Smith,
1744,Boeger,
1745,DeTierra Vineyards,
1746,White Rock Vineyards,
1747,Ideology,
1748,Seven Rings,
1749,Halleck,
1750,Apsara,
1751,Azari,
1752,Baldassari Family Wines,
1753,Predator,
1754,Sidebar,
1755,1850,
1756,Illumination,
1757,Tank Garage,
1758,Neyers,
1759,Simple Life,
1760,Hoi Polloi,
1761,La Honda Winery,
1762,The Tribe,
1763,Kiamie,
1764,Mersenne,
1765,Game of Thrones,
1766,Joey Tensley,
1767,Bowman Cellars,
1768,Beckon,
1769,Weatherborne,
1770,Kings Carey,
1771,Transmission,
1772,Barden,
1773,Rhiannon,
1774,Emerald Hare,
1775,Eighty Four,
1776,Murrieta's Well,
1777,Lea,
1778,Lyric by Etude,
1779,American Thread,
1780,Holdredge,
1781,Sonoma Collection,
1782,Yao Family Wines,
1783,Pennyroyal Farm,
1784,Fallon Place,
1785,Craftsman,
1786,Avaler,
1787,First & Local,
1788,AronHill,
1789,Croma Vera,
1790,Powicana Farm,
1791,Leo Steen Wines,
1792,EnRoute,
1793,Turkovich,
1794,Laguna,
1795,Troika,
1796,McClean,
1797,Cobden Wini,
1798,Sonoma-Loeb,
1799,Cattleya,
1800,AVA Grace Vineyards,
1801,Tenshen,
1802,Nica,
1803,Robert James Wines,
1804,Bar Dog,
1805,Westwood,
1806,Berryessa Gap,
1807,Coda,
1808,Tensley,
1809,Carnivor,
1810,Decroux,
1811,Clos des Amis,
1812,Monochrome,
1813,Magic Door,
1814,Enkidu,
1815,Le Mistral,
1816,Ghostrunner,
1817,Luna Hart,
1818,Di Bruno,
1819,Feist,
1820,Belharra,
1821,Three Pears,
1822,Folktale,
1823,Day Owl,
1824,MacLeod,
1825,Muddy Boot,
1826,Heitz,
1827,Tinto Rey,
1828,Onward,
1829,Markus Wine Co,
1830,Sans Wine Co,
1831,Hess,
1832,Zanoli,
1833,Auburn,
1834,Baily,
