4,jindi-brie,
35,yarra-valley-le-jack,
138,st-tola-divine,
140,provoleta,35
211,chevre-en-marinade,2
215,crowdie,42
214,brie-coco,18
218,ricotta-salata,9
216,fontiago,2
217,fuzzy-udder-brie,2
223,mascarpone,9
229,la-rumeur,18
222,kefalotyri,44
224,sartori-limited-edition-extra-aged-goat,2
231,venaco,10
226,cana-de-oveja,19
225,ships-wheel-brie,4
227,tavoliere,9
249,bouyssou,10
251,fontina,2
255,keltic-gold,16
257,ubriaco-rosso-piave,9
258,may-hill-green,33
269,organic-walnut,21
243,stella-blue,2
271,basing,24
266,don-bernardo-manchego,19
260,sartori-reserve-bellavitano-gold,2
281,prima-donna-forte,32
270,wookey-hole-cave-aged-cheddar,14
276,cabecou-feuille-darmagnac,10
277,caprice-des-dieux,10
267,vermont-ayr,2
285,brillo-di-treviso,9
282,chiriboga-blue,1
265,little-black-bomber,46
272,big-woods-blue,2
284,blue-vein-cheese,48
301,dauphin,10
309,graviera,29
310,cana-de-cabra,19
308,perail-de-brebis,10
307,paillot-de-chevre,18
315,mt-scott,5
314,lou-pevre,10
312,stichelton,33
320,crottin-de-chavignol,10
318,bosworth,14
321,forest-rebel,21
327,maribo,22
325,adl-mild-cheddar,18
324,anejo-enchilado,50
319,brutal-blue,2
331,tala,4
326,kefir-blue,2
330,sharpham-rustic-chive-garlic,33
333,laclare-farms-raw-goats-milk-cheddar,2
350,pont-leveque,10
351,cougar-gold,2
353,brunost,51
354,formagella,2
362,mladi-trapist,26
361,mascarpone-australian,4
359,kefir-italian-pasta-cheese,2
368,vendomois,10
375,bianco,1
374,barrys-bay-cheddar,5
367,laruns,10
363,sartori-limited-edition-family-heirloom-bellavitano,2
372,holzhofer-latte-crudo,52
371,organic-mango,21
369,lindale,2
380,cendre-des-pres,18
378,great-lakes-cheshire,2
381,sosha,55
400,tetilla,19
392,aged-cashew-hemp-seed-cheese,2
407,organic-wild-garlic,21
398,sartori-reserve-black-pepper-bellavitano,2
411,pave-daffinois,10
412,petida,1
405,vermont-herdsman,2
414,cancoillotte-cancoyotte,10
418,piora,15
401,tuscan-blend,2
415,cendre-dolivet,10
416,stella-kasseri,2
425,formaggio-di-grotta,9
413,green-dirt-farm-fresh-garlic-peppercorn,2
419,ptit-basque,10
424,criffel,57
429,applebys-double-gloucester,33
439,little-colonel,33
445,basket-cheese,8
436,texas-goat-cheese,2
450,caboc,42
452,stella-asiago,9
460,forme,9
448,petite-swiss,2
458,brie,10
465,kernhem,32
455,point-reyes-bay-blue,2
461,raw-milk-goat-feta,2
459,crescenza-di-bufala,9
464,apple-walnut-smoked,2
467,medallion,2
481,bishop-kennedy,42
469,sartori-reserve-cheese-mediterranean-fontina,2
473,laura-chenels-cabecou,2
470,slices-of-bliss,53
474,little-dragon,2
489,mont-dor-lyonnais,10
485,canestrato,9
494,brusselae-kaas-fromage-de-bruxelles,40
488,strawberry-moon,28
502,meira,60
505,smoked-fior-di-latte,4
506,tezacki-iz-mosta,26
508,laura-chenel-taupiniere,2
511,vieux-corse,10
522,st-tola-log,39
512,huntsman,33
514,pawlet,2
521,speziato,9
525,cheddar-with-irish-porter,39
527,cremig-extra-wurzig-bergkase-aus-dem-schweizer-jura,15
518,cantal,10
528,brebis-du-puyfaucon,10
535,king-island-cape-wickham-brie,4
531,romano,9
530,fortsonia,2
532,red-alder,2
538,saaland-pfarr,37
537,melange,2
555,lyburn-garlic-and-nettle,33
558,bresse-bleu,10
6,jibneh-arabieh,6
52,emlett,16
43,echo-mountain-blue,2
77,zimbro,23
95,finn,14
161,veigadarte,19
180,buchette-danjou,10
181,ragstone,33
182,roasted-garlic-cheddar,2
183,aged-cashew-blue-green-algae-cheese,2
219,adl-brick-cheese,18
238,passendale,40
235,barricato-al-pepe,9
268,horizon,4
250,burrata,47
283,cornish-blue,16
280,muenster,2
316,president-madrigal,10
313,mont-saint-francis,2
332,tomme-de-chevre,10
329,sartori-classic-cheese-asiago,2
365,teahive,2
377,perroche,14
373,woodside-alpine,2
382,st-tola-cranberry,39
420,conciato-al-pepe,9
426,raw-milk-feta,2
428,aged-cashew-nut-cheese,2
434,sartori-reserve-chai-bellavitano,2
463,aged-cashew-nut-kale-cheese,2
482,petit-pardou,10
480,basket-molded-ricotta,2
484,green-dirt-farm-fresh-nettle,2
517,petit-suisse,10
516,bloomsdale,2
533,aged-gouda,61
542,tezacki-sir,26
564,roncal,19
570,saanen-silk,18
582,bath-cheese,14
587,cape-vessey,18
606,quatre-vents,10
618,pecorino-a-latte-crudo,9
632,four-corners,2
638,maffra-aged-rinded-cheddar,4
656,cabrales,19
665,buttermilk-blue,2
686,bassigny-au-porto,40
684,wellesley,33
706,allgauer-emmentaler,1
715,tymsboro,16
732,coolea,39
1411,west-country-farmhouse-mature-cheddar,16
1460,bufala-soldier,2
1516,baladi,101
1562,kadchgall,104
1608,sharon-hollow-garlic-and-chive,2
1660,brocciu,10
1707,organic-chili,21
1745,clonmore,39
1803,pourly,10
42,yorkshire-blue,14
117,mona,2
145,funky-bleats,2
163,organic-flower-meadow,21
184,anthotyro-fresco,29
185,kefir-wine-companion,2
220,anari,45
236,winnimere,2
275,goats-milk-caciotta,2
292,margotin,9
334,legato,2
343,perlagrigia-sotto-cenere,9
387,blue-castello,22
391,rochebaron,10
427,rofumo-smoked-fontina,2
438,la-tur,9
475,doolin,17
496,reblochon,10
507,twig-farm-mixed-drum,2
552,castelo-branco,23
562,fou-du-roy,18
598,airag,64
613,dura,37
641,sartori-reserve-raspberry-bellavitano,2
658,lyburns-winchester,33
694,string,2
710,menonita,50
1412,baguette-laonnaise,10
1461,cwmtawe-pecorino,69
1505,sancerre,10
1553,ameribella,2
1609,sharp-cheddar,2
1659,boivin-medium-cheddar,18
1706,hidden-springs-farmstead-feta,2
1764,muddlewell,16
1804,chile-caciotta,2
23,nocturne,2
87,ficaccio,9
83,fellowship-too,28
104,fleur-du-maquis,10
135,capri-blu,28
186,ubriaco-di-zibibbo,9
230,lincolnshire-poacher,14
279,moody-blue,2
337,hayloft,28
379,canastra-cheese,54
423,brie-au-poivre-brie-with-pepper,58
478,original-illertaler,1
524,purple-haze,2
577,dunsyre-blue,57
626,pleasant-ridge-reserve,2
677,tomme-des-chouans,10
727,caciobarricato,9
1413,bavaria-blu,1
1459,bourdin-goat-log,10
1506,serra-da-estrela,23
1552,ambert,10
1601,sap-sago,15
1649,palet-de-babligny,10
1696,mothais-a-la-feuille,10
1754,balfour,5
1796,blu-di-bufala,9
2,jarlsberg,3
16,neufchatel-australian,4
39,yarra-valley-white-savourine,4
125,venus,2
128,woodside-charleston,4
143,fondant-de-brebis,10
175,muranda-blue,2
187,mature-wensleydale,14
239,pepper-jack,2
306,berkswell,24
358,anneau-du-vic-bilh,10
410,bijou,2
468,montasio,9
509,little-napoleon,2
560,cypress-grove-chevre,2
607,toscanello,9
652,beenleigh-blue,14
704,regal-de-la-dombes,10
752,habanero-cheddar,2
803,creamy-lancashire,16
1414,blarney-castle,39
1463,ricotta-di-bufala,9
1515,weston-wheel,2
1571,i-rugoso,9
1620,tapas,4
1670,black-betty,17
1714,cathelain,10
1751,herriot-farmhouse,16
1790,dore-mi,18
40,yarra-valley-yering,4
41,yeo-lake,9
123,lingot-saint-bousquet-dorb,10
188,sartori-reserve-basil-olive-oil-asiago,2
253,rocamadour,10
297,tomme-brulee,10
344,grayson,2
397,monet,4
441,don-olivo,52
491,president-brie,10
543,laura-chenel-tome,2
599,rondo,2
653,pacific-rock,18
701,burwash-rose,33
1415,gippsland-blue,4
1462,fromage-de-montagne-de-savoie,10
1513,hereford-hop,14
1566,kapiti-kikorangi,5
1615,gloucester-goat,28
1662,lemon-fetish,18
1710,beaumont,10
1752,organic-beer-brined-moochego,2
1800,smokey-mountain-round,2
155,shepsog,2
189,monastery-cheeses,43
263,turunmaa,7
303,washed-rind-cheese-australian,4
352,bootlegger,28
403,little-bloom-prairie,2
462,rollot,10
513,orkney-extra-mature-cheddar,57
556,cheddar-with-red-wine,39
565,ailsa-craig,57
602,madrona,2
616,batzos,29
654,piave,9
705,rosemary-medium-asiago,2
1416,cahills-whiskey-cheese,39
1464,amul-pizza-mozzarella-cheese,36
1509,lake-district-extra-mature-cheddar,24
1557,amou,10
1606,shaker-blue,2
1658,cotherstone,14
1713,granqueso-original,2
1762,mont-st-benoit,18
1819,green-hill,2
61,evans-creek-greek,2
75,zigljen-iz-extra-mature,26
89,fiesta-cheddar,2
139,picos-de-europa,19
156,tasty-lancashire,16
178,boulette-davesnes,10
190,sicilian-blend,2
241,campi,9
294,sarro-de-cabra,19
342,paesanella-dry-ricotta,4
388,brie-de-meaux,10
442,humble-herdsman,2
493,bossa,2
547,hushallsost,37
594,boulder-chevre,2
650,orla,39
691,cachaille,10
854,sartori-limited-edition-pastorale-blend,2
1417,grana,9
1468,marthas-heat,4
1519,gloucester,14
1569,inverness,2
1622,tomme,2
1676,pouligny-saint-pierre,10
1722,comox-brie,18
1761,lou-bergier,9
1807,duck-isles-stone,9
3,jermi-tortes,1
28,yarra-valley-ashed-pyramid,4
53,emmental,15
74,zelu-koloria,10
69,zaatar-burrata,2
154,miss-muffet,16
159,lincoln-log,2
191,teneri,9
203,peppercorn-gouda,2
234,organic-gouda,2
305,hay-flower-rebel,21
345,canadian-cheddar,18
394,kenne,2
446,binnorie-marinated-fetta,4
495,forsterkase,15
544,little-qualicum-raclette,18
589,stella-fontina,2
645,laveyronnais,10
692,capriole-banon,2
889,saint-felicien,10
1418,casciotta-di-urbino,9
1466,kasseri,29
1512,dutch-mimolette-commissiekaas,17
1559,aradalen,37
1602,sardo,35
1648,bermondsey-hard-pressed,33
1703,les-calendos,18
1742,montasio-vecchio,9
1792,oak-smoked-cheddar,39
273,pasteurized-processed,
192,tupi,41
232,dinarski-sir,26
300,duddleswell,14
346,celtic-promise,24
393,appenzeller,15
440,vesuvius,4
490,mozzarella-australian,4
534,applewood-smoked-chevre,2
581,baby-swiss,2
636,ardrahan,39
681,dunbarton-blue,2
734,buff-blue,2
1419,snow-camp,2
1475,limburger,100
1527,checkerboard-cheddar,2
1579,manouri,29
1627,trappe-de-la-coudre,10
1677,smokey-jalapeno,18
1724,buxton-blue,14
1770,desert-red-feta,2
1823,somerset-brie,14
14,nettles-gone-wild,9
59,etorki,10
93,finca-pascualete-mini-torta,19
84,fat-bottom-girl,2
132,pepato,2
193,la-taupiniere,10
208,sweet-style-swiss,15
247,classics-fresh-mozzarella,2
317,counting-sheepand-goats,28
366,trufflestack,2
435,sleightlett,33
487,sofia,2
545,dorblu,1
561,butternut,2
590,swag,4
634,roquefort,10
685,babybel,10
733,blue-ledge-la-luna,2
1420,stracchinata,9
1471,shepherds-hope,2
1529,crema-mexicana,66
1578,manon,4
1623,tomme-de-romans,10
1672,grand-vatel,10
1725,brewers-gold,39
1755,beach-box-brie,4
1797,grataron-d-areches,10
118,sartori-reserve-balsamic-bellavitano,2
160,dinarski-iz-mosta,26
167,pas-de-lescalette,10
194,liptauer,2
259,mondseer,21
299,legacy,2
348,suffolk-punch,2
399,sirene,56
451,capricious,2
504,sartori-reserve-dolcina-gorgonzola,2
557,colston-bassett-stilton,33
614,wensleydale-cranberries,24
657,capriny,18
700,bra,9
1421,montchevre-goat-cheese-log,2
1474,la-pyramide,18
1522,castelmagno,9
1568,king-river-gold,4
1616,grand-cru-reserve,2
1664,dunlop,57
1712,pecorino-romagnolo,9
1756,pecorino-toscano-dop,9
1809,wasatch-mountain,2
7,julianna,2
18,nicasio-reserve,2
20,niolo,10
112,aged-british-cheddar,2
195,dolomitico,9
233,holiday-brie,18
288,roccia-del-piave,9
336,duet,4
376,patefine-fort,10
421,chevre-des-neiges,18
471,tezacki-iz-maslinove-komine,26
510,doppelrhamstufel,1
546,vigneron,4
593,couronne-lochoise,10
643,the-city-goat,2
695,monte-enebro,19
840,chevre-log,2
878,crenoble,1
1422,mozzarella,9
1473,tronchon,19
1520,calenzana,10
1563,kaltbach-emmentaler-aop,15
1611,sharpham-elmhirst,33
1661,cup-cheese,2
1717,moonglo,2
1785,chevre,10
13,nettle-meadow-kunik,2
44,edam,17
101,five-counties,16
127,organic-mountain-climber,21
171,campfire,2
196,vera,37
244,sussex-slipcote,16
296,sharpham-rustic,33
356,ridgeline,2
409,baskeriu,10
457,comtomme,18
500,kervella-affine,4
548,orkney-mature-cheddar,63
605,sartori-reserve-merlot-bellavitano,2
664,brebis-dazure,28
712,sartori-reserve-sarvecchio-parmesan,2
1423,prastost,37
1469,mirabo-brie-with-walnut,1
1517,bayley-hazen-blue,2
1574,island-brebis,2
1630,twig-farm-washed-rind-wheel,2
1685,oregonzola,2
1743,mountain-rebel,21
1793,orkney-medium-coloured-cheddar,63
122,la-serena,19
197,hopyard-cheddar,2
261,siltcoos,2
323,ridder,3
370,dinarski-sir-iz-maslinove-komine,26
417,loch-arthur-farmhouse,42
456,cheshire,14
503,montasio-mezzano,9
551,blu-61,9
608,laguiole,10
659,pipers-pyramide,2
713,queijo-do-serro,54
835,chaource,10
1424,coalho,54
1470,sartori-limited-edition-cannella-bellavitano,2
1524,sulguni,85
1573,i-serbo,9
1619,taleggio,9
1668,baby-brie,10
1718,loma-alta,2
1771,vache-sante-holy-cow,2
1812,havilah,2
198,organic-pepper,21
245,mossfield-organic,39
298,laclare-farms-martone,2
357,affidelice-au-chablis,10
404,don-carlo,9
453,sunlight,2
519,green-dirt-farm-fresh-plain,2
571,sartori-reserve-extra-aged-fontina,2
627,pyramide,10
676,tango,2
730,childwickbury,33
1425,cream-cheese,2
1486,gran-bu,9
1535,red-dragon-truckle,103
1584,marco-polo,2
1637,lamuse-signature-gouda,61
1684,herrgardsost,37
1730,valentine,2
1768,coupole,2
1820,capra-al-pepe,9
725,piave-mezzano,
51,emental-grand-cru,15
71,zanetti-grana-padano,9
80,farm-house-clothbound-cheddar,18
94,fin-de-siecle,10
131,parrano,32
199,woodside-chevre,4
240,gratte-paille,10
286,fontina-val-daosta,9
338,olivet-au-foin,10
390,raw-brie-style-cashew-cheese,18
433,montagnolo,1
479,wyfe-bath,24
520,chabichou-du-poitou,10
576,dehesa-de-los-llanos-media-curacion,19
622,capricorn-somerset-goats-cheese,16
667,regal-blend,2
1426,bufarolo,9
1472,tasmania-highland-chevre-log,4
1521,grand-cru-original,2
1567,kase-mit-schweizer-truffeln,15
1617,california-crottin,2
1666,oltermanni,7
1711,bleu-lermite,18
1766,bougon,10
1810,brie-de-portneuf,18
36,yarra-valley-persian-feta,4
32,yarra-valley-fresh-pyramid,4
26,noyan,18
141,chura-kampo,34
166,beyaz-peynir,38
164,windrush-cheeses,33
177,prince-jean,40
200,basils-original-rauchkase,1
242,cayuga-blue,2
289,aged-cashew-dulse-cheese,2
341,bent-river,2
395,ulloa,19
437,twig-farm-crawford,2
499,applewood,33
549,peau-rouge,18
592,prima-donna-leggero,32
640,sage-derby,14
690,gorgonzola-cremificato,9
1427,fromage-corse,10
1479,organic-fitness,21
1525,pied-de-vent,18
1570,iris,2
1629,trappiste-digny,10
1678,cottage-cheese,110
1744,prairie-tomme,2
1794,pelardon-des-cevennes,10
142,briquette-de-brebis,10
201,big-rock-blue,2
256,aged-cashew-brazil-nut-cheese,2
311,cello-thick-smooth-mascarpone,2
364,shredded-bliss,53
422,cressy-blu,28
472,twig-farm-goat-tomme,2
523,pithtiviers-au-foin,10
567,kinsman-ridge,2
623,stella-gorgonzola,2
674,saint-agur,10
723,beemster-extra-aged,32
769,brie-de-portneuf-double-cream,18
1428,ricotta-australian,4
1477,vasterbottenost,37
1526,provolone,9
1582,marble-cheddar,14
1639,la-vache-qui-rit,10
1690,pecorino-querciaiolo,9
1738,camembert-de-portneuf,18
1784,poivre-dane,10
1818,goat-curd,4
202,paski-sir,26
248,cravero-parmigiano-reggiano,9
293,milleens,39
347,squaquerone-di-bufala,9
396,maytag-blue,2
449,golden-cross,14
501,xynotyro,29
550,beemster-classic,32
601,kiri,65
647,dorset,2
703,fourme-de-haute-loire,10
1429,ackawi,99
1481,baronerosso-di-capra,9
1530,brebirousse-dargental,10
1581,manur,107
1625,tozzetto,9
1674,castle-blue,18
1728,devils-gulch,2
1781,capra-al-fieno,9
1831,cropwell-bishop-blue-stilton,33
70,zamorano,19
204,goat-ricotta,18
246,port-nicholson,5
291,isle-of-man-mature-cheddar,49
339,waterloo,14
389,formaggio-di-capra,9
430,kennebec-highlands-caerphilly,2
483,pave-de-chirac,10
529,buttermilk-gorgonzola,2
580,wensleydale,24
630,crescenza,9
678,lacy-swiss,2
731,postel,40
1430,amul-gouda,36
1476,dilly-girl,2
1531,butterkase,102
1576,isle-of-man-cracked-peppercorn,106
1621,tezacki-sir-extra-mature,26
1667,wellington,16
1716,stella-parmesan,2
1760,st-fidele-swiss,18
1816,paprika-rebel,21
33,yarra-valley-gentle-goat,4
62,evansdale-farmhouse-brie,5
105,flor-de-guia,19
107,flower-marie,14
149,amul-processed-cheese,36
162,holey-cow,2
170,grated-kefir-cheese,2
206,caprice,28
237,bianca,2
287,raschera,9
335,davidstow-3-year-reserve-special-vintage,33
385,chevrotin-des-aravis,10
443,original-havarti,2
486,cerney-pyramid,33
541,twig-farm-square-cheese,2
611,heidi-cheese,4
660,ptit-berrichon,10
708,knockdrinna-gold,39
1431,kashta,8
1478,hipi-iti,5
1523,sraffordshire-organic,33
1572,isabirra,28
1626,traditional-haloumi,5
1671,pecorino-pera,9
1719,pizy,18
1778,peekskill-pyramid,2
207,stella-goat,2
252,ragusano,9
295,takelma,2
360,ubriaco-allamarone,9
408,woolly-rind,2
466,urda,59
515,beemster-aged,61
559,cremont,2
619,pianoforte,2
671,klosterkaese,1
717,lavistown,39
1432,isle-of-mull,57
1480,wimer-winter,2
1537,re-di-pecora-erborinato-al-te-nero,9
1587,mihalic-peynir,38
1632,laclare-ziege-zacke-blue,2
1687,balaton,95
1729,highway-1,2
1774,white-stilton-mango-ginger,112
1824,pistol-point-cheddar,2
1532,frying-cheese,
5,jubilee-blue,5
37,yarra-valley-saffy,4
19,nicasio-square,2
79,farmer,2
133,goat-on-a-hot-tin-roof,4
209,morcella,2
254,aphrodite-haloumi,45
302,old-winchester,33
349,moses-sleeper,2
402,latteria-san-biagio,9
447,pave-dauge,10
492,coulommiers,10
539,sartori-reserve-espresso-bellavitano,2
563,red-leicester,24
596,fougerus,10
644,txiki,2
696,mozzarella-di-bufala,9
753,oaxaca,50
1433,maroilles,10
1484,pecorino-nero,9
1575,island-bries,18
1624,tommes,90
1673,cambus-omay,42
1721,cheese-curds,111
1786,cranborne,33
144,cornish-smuggler,16
146,boeren-leidse-met-sleutels,32
176,cows-milk-gouda,2
210,point-reyes-original-blue,2
264,latteria-navel,9
304,pastoral,2
355,fuzzy-udder-washed-rind,2
406,hubbardston-blue-cow,2
454,morbier-cru-de-montagne,10
498,aged-chelsea,2
553,morbier,10
603,melville,2
661,cheddar,16
714,the-manchester,2
1434,minuet,2
1487,calcagno,9
1534,red-cloud,2
1590,milawa-blue,4
1640,le-fium-orbo,10
1688,baylough,39
1731,organic-creamy-emmenthal,21
1782,champignon-de-luxe-garlic,1
1827,colony-cheese,54
124,dolcelatte,9
212,condio,9
262,tete-de-moine,15
290,appalachian,2
340,pate-de-fromage,10
386,consider-bardwell-farm-manchester,2
444,wrangeback-sweden,37
497,romaniae-terrae-pecorino-allo-zafferano,9
554,podhalanski,62
597,red-windsor,14
646,little-ypsi,2
697,president-camembert,2
883,roth-raclette,2
1435,sartori-classic-montamore,2
1489,stella-black-pepper-romano,2
1544,abbaye-de-citeaux,10
1597,san-geronimo,2
1652,castigliano,19
1700,blue-earth,2
1757,bleu-dauvergne,10
1811,dark-snow-canyon-edam,2
10,nantais,10
17,new-moon,2
63,evora-de-lalentejo,23
82,farm-chanco,25
81,farmhouse-gouda,2
91,figue,10
153,mascares,10
221,ubriaco-alla-birra,9
278,stella-italian-sharp,2
328,millstone,16
384,pompeii,4
432,mclaren,4
477,victoria,37
526,colorouge,2
585,phoebe,2
639,menage,2
693,sonnet,2
1436,shepherds-crook,16
1482,bettine-grand-cru,61
1528,colby-jack,2
1580,manteca,9
1631,laclare-farms-fondry-jack,2
1683,vacherin,90
1733,barambah-organics-marinated-feta,4
1783,morimoto-soba-ale-cheddar,2
88,fiery-rebel,21
110,rabacal,23
97,fiscalini-bandaged-cheddar,2
114,kefir-tomato-garlic,2
228,truffello,2
274,pepper-rebel,21
322,fuzzy-udder-creamerys-tomme,2
383,morlacco,9
431,up-in-smoke,2
476,humboldt-fog,2
536,maasdam,61
586,golden-smoked-rebel,21
625,moose,37
670,ardsallagh-hard-goats-cheese,39
718,dorset-blue-vinny,68
881,francis,33
1437,tartufo-riserva,9
1485,glebe-brethan,39
1533,red-buddy,2
1588,milawa-affine,4
1635,lamb-chopper,96
1692,camembert,10
1753,weybridge,2
1814,bergues,10
566,aragon,19
600,ardi-gasna,10
649,oak-smoked-wensleydale,24
699,cream-cheesy-bliss,53
1438,triple-creme-brie,2
1491,monteo,9
1539,reypenaer-vsop,61
1583,marbled-cheeses,14
1634,lake-district-mature-cheddar,24
1682,denhany-dorset-drum,16
1726,crottin-du-chavignol,10
1777,bleu-de-laqueuille,10
1828,cremet,33
1589,milawa-aged-blue,
38,yarra-valley-vintage-savourine,4
56,esrom,22
86,feta,29
157,trou-du-cru,10
568,macconais,10
617,blacksticks-blue,33
669,aisy-cendre,10
721,oro-itlaiano,9
1439,lappi,7
1483,pannerone,9
1536,red-hawk,2
1633,lady-jane,18
1680,browns-gulch,2
1736,bleu-mont-dairy-bandaged-cheddar,2
1788,boursault,10
8,juustoleipa,7
30,yarra-valley-bulls-eyes,4
11,natural-chevre,2
34,yarra-valley-juno,4
113,anthotyro,29
569,melinda-mae,2
629,comte,10
675,sartori-reserve-rosemary-olive-oil-asiago,2
729,mouco-camembert,2
1440,lil-moo,2
1494,coeur-de-camembert-au-calvados,10
1541,romans-part-dieu,10
1594,mimolette-boule-de-lille,10
1646,pecorino-pepato,9
1693,casu-marzu,9
1735,pecorino-romano,9
1789,little-rydings,16
572,quartirolo-lombardo,
173,st-tola-hard-cheese,39
609,le-moutier,18
655,gorgonzola,9
707,ardsallagh-smoked-cheese,39
743,meredith-ashed-pyramids,4
820,la-sauvagine,18
862,hooligan,2
1441,dill-garlic-chevre,2
1493,president-fat-free-feta,58
1551,amarelo-de-beira-baixa,23
1598,san-simon,19
1647,waupoos-lizzie,28
1698,chhurpi,55
1747,letoile-de-st-raymond,18
1795,beemster-graskaas,32
1830,brebis-du-lavort,10
109,folded-cheese-with-mint,30
179,fontainebleau,10
573,torta-del-casar,19
620,good-thunder,2
673,menallack-farmhouse,16
719,vulscombe,14
1442,vaquero-blue,2
1498,fromage-frais,58
1554,american-cheese,2
1607,shanklish,108
1653,sourire-lozerien,10
1701,brie-de-melun,10
1759,camembert-des-camarades,18
1813,parmesan,9
21,nocciolino,9
73,zartschmelzend-kraftig-wurziger-rahm-hartkase,15
108,foggy-morning,2
165,barrel-aged-feta,29
169,pepbert,2
574,la-fleurie,2
631,bridgewater,2
683,olomoucke-tvaruzky,67
728,caprotto,9
1443,himmelsraften-extra,37
1490,sunset-bay,2
1543,abbaye-de-belval,10
1592,milawa-goats-tomme,4
1642,davidstow-extra-mature-cheddar,33
1695,lost-lake,18
1749,buffalo,14
1805,cooleney,39
50,el-trigal-manchego,19
129,baserri,2
168,panquehue,25
575,lemon-myrtle-chevre,4
621,cabot-clothbound,2
672,maffra-cheshire,4
720,oasis,4
810,affineur-walo-rotwein-sennechas,15
887,maffra-red-leicester,4
1444,organic-feta,2
1502,innes-log,33
1560,azeitao,23
1610,sharpham,14
1657,civray,10
1705,valencay,10
1746,crayeux-de-roncq,10
1798,cameo,2
134,guerbigny,10
578,heidi-aged-cheese,4
624,swiss,2
680,dehesa-de-los-llanos-curado,19
724,blu-della-casera,9
774,armenian-string-cheese,71
784,llanglofan-farmhouse,46
1445,willoughby,2
1504,mi-ewe,2
1558,amsterdammer-british-columbia,18
1605,sgt-pepper,2
1656,psychedillic,2
1715,camembert-de-normandie,10
1767,buche-de-chevre,10
1815,paglierino,9
579,oma,2
635,airedale,5
682,haystack-peak,2
1446,baron-bigod,33
1499,rustinu,10
1546,abbots-gold,33
1600,saporito,9
1650,grand-cru-surchoix,2
1704,detroit-street-brick,2
1772,organic-carrot,21
1829,buttermilk-blue-affinee,2
47,elberton-blue,2
12,natural-smoked-van-gogh-gouda,2
99,fitaki-white-cheese,1
102,flagship-block,2
150,keens-cheddar,16
213,bluebell-falls-cygnus,39
540,quadrello-di-bufala,9
583,black-pearl,4
637,kirkhams-lancashire,33
689,piave-fresco,9
890,scallion-onion-cheddar,2
1447,bettine-bleu,61
1488,cashew-nut-cream-cheese,2
1540,reypenaer-xo-reserve,61
1586,melange-brie,2
1645,olivet-bleu,10
1694,sternschnuppe,1
1750,vacherin-fribourgeois,15
1801,st-mang-original-allgauer-limburger,1
9,naboulsi,8
29,yarra-valley-black-savourine,4
57,essex-comte,10
72,zanetti-parmigiano-reggiano,9
98,fior-di-latte,4
119,shtayburne-farm-monterey-jack,2
137,soumaintrain,10
584,pecorino,9
633,redwood-hill-goat-cheddar,2
687,bismark,2
1448,paniolo,2
1495,cream-havarti,22
1542,abbaye-de-belloc,10
1591,milawa-brie,4
1638,lanark-blue,42
1686,west-west-blue,2
1776,bear-hill,2
588,challerhocker,15
628,cherokee-rose,2
679,le-marquis-chevre,10
726,gorgonzola-dolce-dop,9
1449,pecorino-nel-granaio,9
1496,branza-de-burduf,31
1538,red-wine-rebel,21
1585,maredsous,40
1628,trappiste-de-bricquebec,10
1675,st-killian,39
1720,purples-must,28
1775,baluchon,18
1821,champignon-de-luxe-pepper,1
1450,giuncatella,
1,jalapeno-cheddar,2
49,ellington,2
24,nokkelost,3
54,epoisses-de-bourgogne,10
27,nut-rebel,21
76,zigljen-iz-mosta,26
85,fermiere,18
591,muffato,9
642,queijo-do-pico,23
688,pecorino-allo-zafferano,9
796,champignon-mushrooom,1
858,la-sauvagine-reserve,18
1492,mozzarellissima,2
1545,abbaye-de-timadeuc,10
1593,milawa-white,4
1643,dumpling,16
1691,gran-levante,9
1739,catupiry,54
1791,vignotte,10
31,yarra-valley-cardi,4
60,etzy-ketzy,4
96,fiore-sardo,9
120,telemea,31
595,bucheret,2
648,vintage-van-gogh-gouda,2
702,crocodile-tear,2
876,chelsea-blue,4
1451,grana-padano,9
1497,burwood-bole,33
1547,abbaye-du-mont-des-cats,10
1596,sandy-creek,2
1651,cambozola-grand-noir,1
1697,port-salut,10
1741,lou-palou,10
1780,goat-cheddar,2
55,esbareich,10
66,ewes-blue,2
90,figaro,4
106,florys-truckle-cheddar,2
126,hoop-cheese,2
148,adelost,37
604,saga,22
651,pecorino-canapa,9
698,coastal-cheddar,16
1452,cairnsmore,42
1500,amalthee,10
1550,aggiano,2
1604,sartori-reserve-extra-aged-asiago,2
1655,pinconning,2
1709,banon,10
1758,grasso-dalpe-monscera,9
1799,caveman-blue,2
610,delamere-goats-cheese-logs,14
662,cold-pack,2
709,maffra-dargo-walnut,4
716,livarot,10
1453,cashel-blue,39
1501,avonlea-clothbound-cheddar,18
1548,abertam,67
1595,saanenkaese,15
1641,le-gruyere-aop,15
1689,bleubry,18
1737,granqueso-reserve,2
1787,bufalino,9
1826,cheddar-ladida-lavender,2
65,exmoor-blue,14
205,cabecou,10
612,onion-chives-cheddar,2
668,roque-river-blue-special-reserve,2
722,pecorino-al-pepe,9
1454,smokey-oregon-blue,2
1507,pecorino-ortica,9
1556,amish-frolic,2
1614,pecorino-papavero,9
1663,dehesa-de-los-llanos-gran-reserva,19
1708,wicklow-blue,39
1773,herve,40
1817,pelardon-des-corbieres,10
103,flashback-goat-disks,2
116,matocq,10
147,ricotta-di-pecora,9
615,bad-axe,2
666,four-herb-gouda,5
711,saint-albray,10
843,brie-dalexis,18
1455,stoney-cross,33
1508,touvelle-original,2
1565,kanterkaas,32
1618,table-rock,2
1665,heat,2
1723,cremonte,1
1765,prima-donna-fino,32
1808,old-kentucky-tomme,2
740,ardsallagh-soft-goats-cheese,
663,crema-agria,66
737,reggianito,35
736,fourme-de-montbrison,10
735,cure-nantais,10
739,allium-piper,4
738,rosso,9
741,knockdrinna-meadow,39
742,maffra-mature-cheddar,4
746,quercy-petit,10
745,sbrinz,15
749,leafield,68
744,saint-andre,10
750,llanboidy,69
754,oschtjepka,70
748,tyn-grug,46
756,bega-processed-cheddar,4
747,thomasville-tomme,2
755,pecorino-al-tartufo,9
751,dorset-white,33
758,piave-vecchio,9
759,gorgonzola-piccante-dop,9
760,caciobirraio,9
757,pack-square,2
763,loddiswell-avondale,16
764,mountain-herbs-rebel,21
771,reginablu,1
767,coquetdale,16
762,stella-mediterranean-parmesan,2
770,fox-hill-gouda,18
768,blue-rathgore,39
761,carabiner,2
775,kolan-extra-mature,26
772,rosso-de-lago,9
773,alma-vorarlberger-alpkase-3-5-months,21
779,queso-blanco,50
776,maffra-peppercorn-cheddar,4
765,prairie-rose,2
777,meredith-blue,4
766,chile-jack,2
778,sainte-maure,10
783,lebbene,72
782,tyning,16
781,tibet,55
780,sbronzo,9
788,oscypek,62
786,hafod,46
785,dorstone,33
793,goat-fromage-blanc,18
794,greuilh,10
789,pecorino-barba-del-passatore,9
787,ocooch-mountain,2
791,paesanella-bocconcin,4
798,lo-sburrato,9
795,caprano,18
790,bel-ceillo,2
792,pembrokeshire-extra-mature-cheddar,24
797,stella-smoked-blue,2
804,braudostur,73
802,coeur-de-chevre,10
806,croghan,39
805,butte,10
801,president-light-brie,10
799,montgomerys-cheddar,33
807,fox-hill-parmesan,18
800,mt-mazama-cheddar,2
809,rigotte,10
813,ubriaco-al-prosecco,9
814,mascarpone-torta,9
817,shropshire-blue,68
812,kefir-peppercorn-cheese,2
818,tegan,37
808,fuzzy-wheel,2
811,anniversary-ale-cheddar,2
815,mobay,2
819,truffle-tremor,2
816,sartori-limited-edition-family-heirloom-parmesan,2
828,bica-de-queijo,23
826,woodside-cabecou,4
821,lindy-hop,2
822,dirt-lover,2
823,veneto,2
831,pembrokeshire-mature-cheddar,24
824,hooks-5-year-cheddar,2
833,greve,37
830,pecorino-boccondilatte,9
829,pant-ys-gawn,46
827,bartlett,33
839,pokolbin,4
838,moringhello,9
834,capra-nouveau,16
836,smoked-gouda,32
837,stinking-bishop,24
832,goat-gouda,2
842,blue-benedictine,18
844,crumbly-lancashire,16
845,fragolone,9
847,ringwell,16
846,fynbo,22
848,afuegal-pitu,19
849,anster,42
841,connemara,2
853,molbo,22
851,ubriaco-di-nero-davola,9
850,kefir-salad,2
852,mastorazio,9
857,tuada,9
859,lingot-des-causses,10
860,divino,9
856,teifi,46
861,vento-destate,9
863,organic-mountain,21
855,shtayburne-farm-cheddar,2
869,gornoaltajski,74
864,woodside-capricorn,4
866,bierkase,1
865,basajo,9
867,pecorino-camomilla,9
868,piave-vecchio-selezione-oro,9
871,caravane,75
870,caciobufala,9
872,stilton,16
875,pyengana-cheddar,4
880,byaslag,76
874,pleasant-creek,2
884,alma-vorarlberger-alpkase-6-9-months,21
877,comox-camembert,18
882,remedou,40
873,moonlight-chaource,2
886,konig-ludwig-beercheese,21
888,meredith-chevre-ash,4
879,brick,2
885,aromes-au-gene-de-marc,10
64,ewelicious-blue,2
68,extra-mature-wensleydale,24
78,zwitser,2
92,filetta,10
152,sartori-limited-edition-cognac-bellavitano,2
151,istara-kaikou,10
158,largo,2
891,queso-blanco-con-frutas-pina-y-mango,66
934,blissful-blocks,53
991,saint-nectaire,10
1042,st-pat,2
1098,driftless,2
1160,aspen-ash,2
1213,carrot-rebel,21
1261,malvern,33
1317,stella-swiss,2
1372,lajta,95
1456,murazzano-dop,9
1503,mango-rebel,21
1549,abondance,10
1599,sao-jorge,23
1644,haystack-mountain-camembert,2
1699,coolattin-cheddar,39
1748,derby,14
1802,mountaineer,2
25,northumberland,14
58,estero-gold-reserve,2
67,explorateur,10
100,fitness-rebel,21
115,ubriaco-di-raboso,9
892,ticklemore,33
946,blythedale-camembert,2
1000,ogleshield,33
1055,mahoe-aged-gouda,5
1099,hannah-reserve,2
1152,colby,2
1208,bel-paese,9
1257,friesla,16
1303,liliputas,88
1349,cahills-irish-porter-cheddar,39
1394,fromage-blanc-truffle,2
1457,prix-de-diane,2
1510,le-reflet-de-portneuf,18
1555,ami-du-chambertin,10
1603,sartori-classic-cheese-fontina,2
1654,st-tola-greek-style,39
1702,curworthy,16
1740,st-gall,39
1806,blue-lupine,2
130,big-johns-cajun,2
121,tunworth,33
825,organic-moovache,2
893,labneh,77
952,alma-vorarlberger-bergkase-12-months,21
999,halloumi,45
1046,cornish-pepper,16
1093,queso-fresco-adobera,50
1138,barely-buzzed,2
1190,royal-rebel,21
1238,harlech-truckle,46
1288,boivin-marbled-cheddar,18
1334,selva,19
1381,blenda,37
1458,cracked-pepper-chevre,2
1511,delice-des-fiouves,10
1561,Kabritt,18
1612,sharpham-savour,33
1669,bath-blue,33
1727,le-st-raymond,18
1763,cave-aged-marisa,2
1825,pule,107
45,edelpilz,1
46,edith,4
48,elk-mountain,2
15,neufchatel,10
22,nocciolo,9
111,roaring-forties-blue,4
136,chaumes,10
174,spenwood,14
894,danablu-danish-blue,22
938,caciocavallo-di-bufala,9
985,rougette-grill-meister,1
1029,danish-feta,80
1074,capraricca,9
1123,kashar,2
1176,bellwether-farms-crescenza,2
1232,queso-media-luna,66
1278,garrotxa,19
1325,cubetto,9
1374,delice-de-bourgogne,10
1465,acorn,24
1514,oregon-blue-cheese,2
1577,macadamia-nut-cheese,2
1636,lamuse-brabander-goat-gouda,61
1681,le-roule,10
1732,wigmore,14
1779,green-dirt-farm-fresh-spicy-chilis,2
172,cave-rebel,21
895,double-gloucester,14
943,provel,2
996,le-cendrillon,18
1044,providence,2
1095,laclare-farms-cheddar,2
1146,charolais,10
1196,salemville-smokehaus-blue,2
1259,alps-rebel,21
1305,van-gogh-edam,2
1361,fromage-blanc,2
1409,herbes-de-provence-chevre,2
1467,istara-chistou,10
1518,bleu-benedictin,18
1564,kanafeh,105
1613,quark,109
1679,bonne-bouche,2
1734,beauvoorde,40
1769,le-wavreumont,40
1822,striegistaler-zwerge-camembert,1
896,le-brebiou,10
944,chontaleno,50
990,meredith-goat-cheese-in-extra-virgin-olive-oil,4
1041,smokey-touvelle,2
1091,salemville-amish-blue,2
1143,goat-milk-feta,4
1192,assa,2
1246,gubbeen,39
1297,mine-gabhar,39
1342,old-harry,33
1396,amablu-blue-cheese,2
945,cornish-kern,
897,half-moon-bay,9
986,alma-vorarlberger-bergkase-6-months,21
1036,paesanella-buffalo-mozzarella,4
1080,classico-riserva,9
1131,langres,10
1178,gamoneu,19
1226,aubisque-pyrenees,10
1273,olivet-cendre,10
1326,fromage-a-raclette,90
1377,opus-42,2
898,odysseus-marinated-feta,
940,stella-feta,2
997,danby,2
1049,fresh-jack,2
1106,gammelost,3
1149,mycella,22
1195,meyer-vintage-gouda,5
1245,goat-nevat,19
1293,amul-emmental,36
1339,daralagjazsky,74
1378,westfield-farm-smoked-capri,2
899,ossau-fermier,10
950,reverie,2
1008,carmody,2
1059,timboon-brie,4
1107,goutu,82
1148,st-jude,33
1201,le-double-joie,18
1250,swaledale,16
1299,shepherdista-crush,2
1355,president-fresh-goat-cheese,10
1403,pecorino-nel-fieno,9
900,pecorino-con-caglio-vegetale,9
948,crotonese,9
998,double-worcester,33
1053,i-blu,9
1105,pecorino-di-vigna,9
1153,crema-de-blue,2
1209,paesanella-caciotta-with-rocket-chilli,4
1255,bruder-basil,1
1301,trelawny,16
1346,paesanella-cherry-bocconcin,4
1392,bonchester,57
901,belletoile,10
951,rougette-bavarian-red,1
995,la-casatella,9
1039,cacio-di-bosco-al-tartufo,9
1089,idaho-goatster,2
1140,paneer,84
1185,prima-donna,32
1233,toma-di-vacca-alle-vinacce,9
1282,sonoma-jack,2
1347,geitost,3
1393,broncha,2
902,paesanella-burrata,4
953,asher-blue,2
1009,munster,10
1058,queso-de-murcia,19
1104,pallone-di-gravina,9
1151,chavroux,10
1202,daphnes-alpine-classic,2
1254,cottage-cheese-australian,4
1300,tarentaise,2
1353,monterey-jack,93
1404,touree-de-laubier,10
903,picobello,32
949,fresh-crottin,2
1005,galette-lyonnaise,10
1051,alpe-di-frabosa,9
1101,wakatipu-white,5
1147,smoked-sulguni,85
1191,alpine-gold,18
1240,walnut-cheddar,39
1285,provolone-valpadana,9
1332,midnight-blue,2
1389,plymouth-cheese,2
904,gorwydd-caerphilly,46
958,schloss,2
1013,cornish-brie,33
1062,danish-fontina,22
1108,cacioradicchio,9
1156,crozier,39
1204,harbourne-blue,33
1253,boo-boo-baby-swiss,2
1309,barilotto,9
1358,blue-vein-australian,4
1406,lempereur,18
905,caciocavallo,9
954,kris-lloyd-artisan-blend,4
1003,belle-creme,18
1048,brinza---feta-style,5
1094,toma,9
1141,pecorino-erica,9
1193,il-boschetto-al-tartufo,9
1243,paesanella-fresco,4
1292,accasciato,9
1340,dubliner,39
1386,stickney-hill-chevre,2
1157,fresh-truffles,
906,cardo,78
957,saint-marcellin,10
1007,cacio-de-roma,9
1054,meteorite,18
1102,barden-blue,2
1198,queso-jalapeno,50
1239,old-goat,2
1296,marisa,2
1350,casatica,9
1400,miette,2
907,pierce-pt,2
964,dessertnyj-belyj,74
1006,gouda,61
1056,saint-rose,2
1112,myzithra,29
1158,royalp-tilsit,15
1200,laclare-farms-evalon,2
1252,prairie-breeze-cheddar,2
1307,organic-farm,21
1354,ms-natural,2
908,provolone-del-monaco,9
955,maffra-wensleydale,4
1001,wabash-cannonball,2
1057,seahive,2
1110,stawley,33
1162,maisies-kebbuck,86
1214,snowdrop,2
1268,la-couronne-fort-aged-comte,90
1315,caerphilly,24
1365,innes-brick,33
909,cilentano-ai-fichi,9
960,tillamook-cheddar,2
1012,chocolate-lab,2
1064,hannah,2
1118,cuor-di-burrata,9
1168,laclare-farms-chevre,2
1218,chocolate-stout-cheddar,2
1272,haystack-mountain-feta,2
1331,mamirolle,92
1387,lunetta,28
910,cornish-wild-garlic-yarg,16
956,meredith-chevre-plain,4
1002,pecorino-dei-monaci,9
1050,rouleau-de-beaulieu,10
1097,dante,2
1150,processed-smoked-gouda,2
1203,drommen,37
1248,chateau-de-versailles,18
1298,sartori-classic-cheese-romano,2
1352,lord-hundreds,24
1398,innes-button,24
911,bohemian-blue,2
971,pecorino-dei-malatesta-sotto-cenere,9
1020,kummin,37
1065,old-burford,16
1113,promontory,2
1165,seastack,2
1216,murol,10
1266,tamie,10
1311,panela,50
1357,corleggy,39
1401,san-andreas,2
1217,processed-cheddar,
912,briquette-du-forez,10
959,queso-del-montsec,19
1004,paesanella-buffalo-ricotta,4
1052,asiago-dallevo,9
1103,beemster-2-milk,83
1170,le-conquerant-demi-pont-leveque,87
1260,aura,7
1308,wild-garlic-rebel,21
1356,chimney-rock,2
913,fresh-chevre,2
967,whitestone-farmhouse,5
1010,lyburn-gold,33
1060,laclare-farms-chandoka,2
1115,cotswold,33
1166,queso-iberico,19
1211,grabetto,4
1251,mountain-goat,4
1295,isle-of-man-mild-coloured-cheddar,49
1341,harvest,4
1388,morangie-brie,42
914,requeson,79
961,landaff,2
1015,brimstone,2
1068,beehive-fresh,2
1122,amul-cheese-spread,36
1169,daphnes-aged-goat-cheese,2
1230,salers,10
1280,cacow-belle,2
1333,saltbush_chevre,4
1383,green-dirt-farm-fresh-rosemary,2
915,rotwein-bargler-extra-wurzig,15
962,leyden,32
1011,primo-fresco,2
1063,dreux-a-la-feuille,10
1114,classico-pecorino-senese,9
1163,mettowee,2
1219,cornish-crumbly,16
1270,davidstow-mature-cheddar,33
1322,cornish-yarg,16
1367,midnight-moon,96
1066,waimata-farmhouse-blue,
916,alma-vorarlberger-bergkase-10-months,21
969,beaufort,10
1017,roule,10
1109,caronzola,18
1155,buttercup,2
1207,pecorino-foglie-noci,9
1256,cuajada,19
1302,la-peral,19
1345,benedictine,2
1399,mandolin,4
917,ascutney-mountain,2
975,carlow,39
1022,mersey-valley-original-vintage,4
1070,pecorino-di-talamello,9
1119,fresh-ricotta,9
1167,toma-blu-alle-erbe,9
1212,caciotta-al-tartufo,9
1263,mezzo-secco,2
1314,graddost,37
1363,alverca,23
1405,lairobell,57
918,konig-ludwig-kings,21
963,valbreso-feta,2
1016,fresh-hand-stretched-mozzarella,2
1069,blissful-toppings,53
1125,marin-french-triple-creme,2
1177,paesanella-caciotta,4
1224,rubens,40
1267,tomme-de-savoie,10
1319,pigouille,10
1368,samso,22
919,maffra-sage-derby,4
970,bleu-des-causses,10
1018,almnas-tegel,37
1067,barbers-1833,16
1116,bonifaz,1
1161,idiazabal,19
1210,garlic-and-fine-herbs-cashew-cheese,18
1258,rubi,4
1310,bethmale-des-pyrenees,10
1359,brillat-savarin,10
1408,duroblando,98
920,meredith-chevre-dill,4
968,bandal,36
1014,blue-wensleydale,16
1061,lecir-de-laubrac,10
1111,sun-dried-tomato-and-basil-cashew-cheese,18
1159,alpicreme,10
1205,wall-street-gold,2
1264,salsa-asiago,2
1321,cinerino,9
1369,serat,94
1410,operetta,18
921,saint-honore,18
965,hidden-falls,2
1021,magna,37
1073,grey-owl,18
1120,rheba,2
1171,driftwood,4
1220,blue-yonder,2
1275,pecorino-ginepro,9
1324,briscola,9
1380,bavarian-bergkase,1
922,scamorza,9
972,galette-du-paludier,10
1023,saint-paulin,10
1071,penamellera,19
1117,brousse-du-rove,10
1164,salemville-amish-gorgonzola,2
1215,strathdon-blue,42
1262,impromptu,2
1312,pecorino-gran-riserva-del-passatore,9
1364,autun,10
923,queso-de-afuegal-pitu,19
966,organic-cheddar,2
1019,asiago,9
1072,goat-milk-cheddars,2
1129,tarago-river-jensens-red,4
1172,harbison,2
1221,brin,10
1269,le-lacandou,10
1313,gastanberra,10
1360,crowley,2
924,tieton-halloumi,2
979,prima-donna-maturo,32
1025,sea-change,2
1077,st-tola-crottin,39
1121,acapella,2
1175,pecorino-fiordaliso,9
1225,alpine-style,2
1281,carrowholly,39
1327,rupert,2
1390,classic-blue-log,2
925,la-bonaparte,18
973,gotcha-gouda,2
1026,tilly-whim,33
1078,morgan,2
1132,liburnski-sir,26
1179,goya,88
1222,crottin,2
1274,weichkaese,1
1320,provolone-mandarino-gran-riserva,9
1371,tourmalet,10
926,le-brin,10
977,longhorn,2
1030,dragons-breath-blue,18
1075,chapmans-pasture,2
1124,isle-of-man-mild-cheddar,49
1174,waldo-smog,2
1227,imokilly-regato,39
1271,dunbarra,39
1316,carr-valley-glacier-wildfire-blue,2
1373,leonora,19
927,danbo,22
974,caciocavallo-podolico-vetus,9
1024,queso-de-mano,2
1085,roumy,81
1127,sartori-classic-cheese-parmesan,2
1182,lyburn-lightly-oak-smoked,33
1242,bergader,1
1287,cote-hill-blue,14
1343,wasabi-disc,2
1402,seriously-strong-cheddar,97
928,doublet,16
976,stella-parmesan-romano-blend,2
1033,wagon-wheel,2
1090,metronome,2
1142,penbryn,46
1194,majorero,19
1241,pecorino-gelsomino,9
1290,brise-du-matin,18
1337,laclare-farms-evalon-fenugreek,2
1391,cotija,50
929,halleck-creek,2
980,coverdale,14
1035,bella-lodi,9
1084,fresh-mozzarella,9
1137,wilde-weide,32
1181,carre-de-lest,10
1231,selles-sur-cher,10
1284,pimento,2
1336,queso-para-frier,66
1382,georgia-gold-clothbound-cheddar,2
930,off-kilter,2
981,boule-du-roves,10
1032,okanagan-double-cream-camembert,18
1079,point-reyes-toma,2
1136,organic-elderflower,21
1183,montsalvat,1
1228,mezzaluna-fontina,2
1279,gracie-grey,28
1330,infossato,9
1379,baita-friuli,9
931,oxford-blue,14
982,buchette-la-sarriette,10
1027,lacey-grey,18
1076,sottocenere-al-tartufo,9
1126,minas-cheese,54
1173,olde-york,33
1223,friesago,2
1277,paesanella-fresh-ricotta,4
1323,boivin-extra-aged-cheddar,18
1370,pecorino-mallo-di-noce,9
932,barberey,10
978,mun-chee,2
1037,galloway-goats-milk-gems,42
1081,cratloe-hills,39
1128,shelburne-cheddar,2
1180,caciotta,9
1229,malvarosa,19
1276,bergere-bleue,2
1328,alta-badia,9
1376,herbs-de-humboldt,2
933,beechers-flagship,2
988,kugelkase,21
1034,pecorino-di-sogliano,9
1083,burgos,19
1130,tregonwell,33
1184,mt-tam,2
1235,daphnes-goat-gouda,2
1289,frinault,10
1335,toma-piemontese,9
1385,chabis-de-gatine,10
935,pecorino-dei-malatesta-al-sangiovese,9
983,fresh-fior-di-latte,4
1028,le-chevrot,10
1082,boursin,10
1134,vampire-slayer,2
1186,country-morning,18
1234,laclare-farms-evalon-cummin,2
1286,cirrus,2
1344,pecorino-in-walnut-leaves,9
1395,rustico-red-pepper,9
936,galbani,47
993,queso-del-tietar,19
1040,carnia-altobut,9
1088,mahon,19
1135,hillis-peak,2
1188,bryndza,89
1236,le-duc-vacherin,10
1283,st-tola-ash-log,39
1329,austrian-alps,15
1375,durrus,39
937,gospel-green,14
992,scotch-bonnet-cheddar,24
1038,gourmandise,10
1087,asiago-pressato,9
1133,devon-blue,14
1187,bothwell-black-truffle-cheddar,18
1237,dry-jack,2
1294,kashkaval,91
1348,grafton-village-cheddar,2
1397,avaxtskyr,73
939,carlina,9
987,ashley,2
1043,picolo,2
1096,le-conquerant-camembert,10
1144,gris-de-lille,10
1189,freyas-wheel,2
1247,capriago,2
1306,himmelsraften,37
1351,stella-reduced-fat-blue,2
1407,delamere-medium-hard-goats-cheese,14
941,sveciaost,37
984,reypenaer,61
1031,hand-rolled-chevre-logs,18
1086,alpha-tolman,2
1139,bermuda-triangle,2
1199,toma-di-campo,9
1244,pencarreg,68
1291,richelieu,18
1338,leerdammer,32
1384,cap-cressy,28
942,picodon-de-chevre,10
989,maggies-round,2
1045,chorlton-blue-cheshire,33
1100,old-drovers-road,2
1154,breakfast-cheese,2
1206,old-ford,33
1265,sheep-gouda,2
1318,lo-speziato,9
1366,manchego,19
947,brin-damour,10
994,tillamook-smoked-black-pepper-white-cheddar,2
1047,bocconcini,9
1092,seascape,2
1145,caprese-di-bufala,9
1197,seators-orkney,86
1249,stella-fontinella,2
1304,devon-garland,33
1362,rustico-black-pepper,9
